date,province,salinity_ppt,salinity_daily,ph
2024-01-01,Bac Lieu,4.14,4.14,
2024-01-01,Ben Tre,3.36,3.36,
2024-01-01,Ca Mau,4.81,4.81,
2024-01-01,Kien Giang,3.24,3.24,
2024-01-01,Soc Trang,3.77,3.77,
2024-01-02,Bac Lieu,4.34,4.34,
2024-01-02,Ben Tre,3.56,3.56,
2024-01-02,Ca Mau,4.83,4.83,
2024-01-02,Kien Giang,2.84,2.84,
2024-01-02,Soc Trang,3.88,3.88,
2024-01-03,Bac Lieu,4.59,4.59,
2024-01-03,Ben Tre,3.85,3.85,
2024-01-03,Ca Mau,4.59,4.59,
2024-01-03,Kien Giang,3.47,3.47,
2024-01-03,Soc Trang,3.97,3.97,
2024-01-04,Bac Lieu,4.52,4.52,
2024-01-04,Ben Tre,4.07,4.07,
2024-01-04,Ca Mau,4.78,4.78,
2024-01-04,Kien Giang,3.38,3.38,
2024-01-04,Soc Trang,4.09,4.09,
2024-01-05,Bac Lieu,4.68,4.68,
2024-01-05,Ben Tre,4.0,4.0,
2024-01-05,Ca Mau,5.52,5.52,
2024-01-05,Kien Giang,3.49,3.49,
2024-01-05,Soc Trang,4.37,4.37,
2024-01-06,Bac Lieu,4.9,4.9,
2024-01-06,Ben Tre,3.72,3.72,
2024-01-06,Ca Mau,5.14,5.14,
2024-01-06,Kien Giang,3.72,3.72,
2024-01-06,Soc Trang,4.0,4.0,
2024-01-07,Bac Lieu,4.88,4.88,
2024-01-07,Ben Tre,4.2,4.2,
2024-01-07,Ca Mau,5.4,5.4,
2024-01-07,Kien Giang,3.61,3.61,
2024-01-07,Soc Trang,3.99,3.99,
2024-01-08,Bac Lieu,4.87,4.87,
2024-01-08,Ben Tre,3.93,3.93,
2024-01-08,Ca Mau,5.61,5.61,
2024-01-08,Kien Giang,3.34,3.34,
2024-01-08,Soc Trang,3.83,3.83,
2024-01-09,Bac Lieu,4.99,4.99,
2024-01-09,Ben Tre,4.68,4.68,
2024-01-09,Ca Mau,5.21,5.21,
2024-01-09,Kien Giang,3.64,3.64,
2024-01-09,Soc Trang,4.75,4.75,
2024-01-10,Bac Lieu,5.14,5.14,
2024-01-10,Ben Tre,4.12,4.12,
2024-01-10,Ca Mau,5.18,5.18,
2024-01-10,Kien Giang,3.9,3.9,
2024-01-10,Soc Trang,4.59,4.59,
2024-01-11,Bac Lieu,4.87,4.87,
2024-01-11,Ben Tre,4.06,4.06,
2024-01-11,Ca Mau,5.45,5.45,
2024-01-11,Kien Giang,3.9,3.9,
2024-01-11,Soc Trang,4.6,4.6,
2024-01-12,Bac Lieu,5.27,5.27,
2024-01-12,Ben Tre,4.14,4.14,
2024-01-12,Ca Mau,5.33,5.33,
2024-01-12,Kien Giang,3.76,3.76,
2024-01-12,Soc Trang,4.55,4.55,
2024-01-13,Bac Lieu,5.07,5.07,
2024-01-13,Ben Tre,4.73,4.73,
2024-01-13,Ca Mau,6.06,6.06,
2024-01-13,Kien Giang,3.71,3.71,
2024-01-13,Soc Trang,4.6,4.6,
2024-01-14,Bac Lieu,4.64,4.64,
2024-01-14,Ben Tre,4.15,4.15,
2024-01-14,Ca Mau,5.54,5.54,
2024-01-14,Kien Giang,4.14,4.14,
2024-01-14,Soc Trang,4.82,4.82,
2024-01-15,Bac Lieu,5.56,5.56,
2024-01-15,Ben Tre,4.03,4.03,
2024-01-15,Ca Mau,5.47,5.47,
2024-01-15,Kien Giang,3.61,3.61,
2024-01-15,Soc Trang,4.56,4.56,
2024-01-16,Bac Lieu,5.28,5.28,
2024-01-16,Ben Tre,4.25,4.25,
2024-01-16,Ca Mau,5.38,5.38,
2024-01-16,Kien Giang,4.33,4.33,
2024-01-16,Soc Trang,4.4,4.4,
2024-01-17,Bac Lieu,5.18,5.18,
2024-01-17,Ben Tre,4.62,4.62,
2024-01-17,Ca Mau,5.92,5.92,
2024-01-17,Kien Giang,3.54,3.54,
2024-01-17,Soc Trang,4.63,4.63,
2024-01-18,Bac Lieu,5.43,5.43,
2024-01-18,Ben Tre,4.46,4.46,
2024-01-18,Ca Mau,5.93,5.93,
2024-01-18,Kien Giang,4.25,4.25,
2024-01-18,Soc Trang,4.58,4.58,
2024-01-19,Bac Lieu,5.11,5.11,
2024-01-19,Ben Tre,5.22,5.22,
2024-01-19,Ca Mau,6.02,6.02,
2024-01-19,Kien Giang,3.94,3.94,
2024-01-19,Soc Trang,5.1,5.1,
2024-01-20,Bac Lieu,5.39,5.39,
2024-01-20,Ben Tre,4.59,4.59,
2024-01-20,Ca Mau,6.12,6.12,
2024-01-20,Kien Giang,3.86,3.86,
2024-01-20,Soc Trang,5.31,5.31,
2024-01-21,Bac Lieu,5.44,5.44,
2024-01-21,Ben Tre,4.71,4.71,
2024-01-21,Ca Mau,6.2,6.2,
2024-01-21,Kien Giang,4.19,4.19,
2024-01-21,Soc Trang,4.84,4.84,
2024-01-22,Bac Lieu,5.25,5.25,
2024-01-22,Ben Tre,4.71,4.71,
2024-01-22,Ca Mau,6.21,6.21,
2024-01-22,Kien Giang,3.91,3.91,
2024-01-22,Soc Trang,4.7,4.7,
2024-01-23,Bac Lieu,5.87,5.87,
2024-01-23,Ben Tre,4.82,4.82,
2024-01-23,Ca Mau,5.84,5.84,
2024-01-23,Kien Giang,4.17,4.17,
2024-01-23,Soc Trang,5.31,5.31,
2024-01-24,Bac Lieu,5.82,5.82,
2024-01-24,Ben Tre,4.75,4.75,
2024-01-24,Ca Mau,6.37,6.37,
2024-01-24,Kien Giang,4.1,4.1,
2024-01-24,Soc Trang,4.92,4.92,
2024-01-25,Bac Lieu,5.72,5.72,
2024-01-25,Ben Tre,5.17,5.17,
2024-01-25,Ca Mau,6.33,6.33,
2024-01-25,Kien Giang,3.86,3.86,
2024-01-25,Soc Trang,4.87,4.87,
2024-01-26,Bac Lieu,5.74,5.74,
2024-01-26,Ben Tre,4.83,4.83,
2024-01-26,Ca Mau,6.17,6.17,
2024-01-26,Kien Giang,4.18,4.18,
2024-01-26,Soc Trang,5.54,5.54,
2024-01-27,Bac Lieu,5.7,5.7,
2024-01-27,Ben Tre,4.58,4.58,
2024-01-27,Ca Mau,6.43,6.43,
2024-01-27,Kien Giang,4.64,4.64,
2024-01-27,Soc Trang,5.26,5.26,
2024-01-28,Bac Lieu,5.93,5.93,
2024-01-28,Ben Tre,4.97,4.97,
2024-01-28,Ca Mau,6.39,6.39,
2024-01-28,Kien Giang,4.52,4.52,
2024-01-28,Soc Trang,5.38,5.38,
2024-01-29,Bac Lieu,6.34,6.34,
2024-01-29,Ben Tre,5.05,5.05,
2024-01-29,Ca Mau,6.44,6.44,
2024-01-29,Kien Giang,4.45,4.45,
2024-01-29,Soc Trang,5.15,5.15,
2024-01-30,Bac Lieu,5.74,5.74,
2024-01-30,Ben Tre,4.86,4.86,
2024-01-30,Ca Mau,6.7,6.7,
2024-01-30,Kien Giang,4.12,4.12,
2024-01-30,Soc Trang,5.44,5.44,
2024-01-31,Bac Lieu,6.09,6.09,
2024-01-31,Ben Tre,5.28,5.28,
2024-01-31,Ca Mau,6.6,6.6,
2024-01-31,Kien Giang,4.17,4.17,
2024-01-31,Soc Trang,5.11,5.11,
2024-02-01,Bac Lieu,5.92,5.92,
2024-02-01,Ben Tre,5.48,5.48,
2024-02-01,Ca Mau,6.54,6.54,
2024-02-01,Kien Giang,4.62,4.62,
2024-02-01,Soc Trang,5.49,5.49,
2024-02-02,Bac Lieu,5.31,5.31,
2024-02-02,Ben Tre,5.11,5.11,
2024-02-02,Ca Mau,6.5,6.5,
2024-02-02,Kien Giang,4.86,4.86,
2024-02-02,Soc Trang,5.41,5.41,
2024-02-03,Bac Lieu,6.24,6.24,
2024-02-03,Ben Tre,5.23,5.23,
2024-02-03,Ca Mau,6.51,6.51,
2024-02-03,Kien Giang,4.46,4.46,
2024-02-03,Soc Trang,5.51,5.51,
2024-02-04,Bac Lieu,5.8,5.8,
2024-02-04,Ben Tre,5.12,5.12,
2024-02-04,Ca Mau,6.87,6.87,
2024-02-04,Kien Giang,4.69,4.69,
2024-02-04,Soc Trang,5.76,5.76,
2024-02-05,Bac Lieu,5.5,5.5,
2024-02-05,Ben Tre,5.81,5.81,
2024-02-05,Ca Mau,6.55,6.55,
2024-02-05,Kien Giang,4.99,4.99,
2024-02-05,Soc Trang,5.18,5.18,
2024-02-06,Bac Lieu,6.23,6.23,
2024-02-06,Ben Tre,5.26,5.26,
2024-02-06,Ca Mau,6.6,6.6,
2024-02-06,Kien Giang,4.34,4.34,
2024-02-06,Soc Trang,5.67,5.67,
2024-02-07,Bac Lieu,6.04,6.04,
2024-02-07,Ben Tre,5.66,5.66,
2024-02-07,Ca Mau,6.65,6.65,
2024-02-07,Kien Giang,4.47,4.47,
2024-02-07,Soc Trang,5.64,5.64,
2024-02-08,Bac Lieu,6.2,6.2,
2024-02-08,Ben Tre,5.09,5.09,
2024-02-08,Ca Mau,6.75,6.75,
2024-02-08,Kien Giang,4.46,4.46,
2024-02-08,Soc Trang,5.9,5.9,
2024-02-09,Bac Lieu,6.23,6.23,
2024-02-09,Ben Tre,5.23,5.23,
2024-02-09,Ca Mau,6.87,6.87,
2024-02-09,Kien Giang,4.71,4.71,
2024-02-09,Soc Trang,5.28,5.28,
2024-02-10,Bac Lieu,5.77,5.77,
2024-02-10,Ben Tre,5.27,5.27,
2024-02-10,Ca Mau,6.81,6.81,
2024-02-10,Kien Giang,4.9,4.9,
2024-02-10,Soc Trang,5.65,5.65,
2024-02-11,Bac Lieu,6.28,6.28,
2024-02-11,Ben Tre,5.3,5.3,
2024-02-11,Ca Mau,7.28,7.28,
2024-02-11,Kien Giang,4.08,4.08,
2024-02-11,Soc Trang,5.21,5.21,
2024-02-12,Bac Lieu,6.34,6.34,
2024-02-12,Ben Tre,5.1,5.1,
2024-02-12,Ca Mau,6.75,6.75,
2024-02-12,Kien Giang,5.19,5.19,
2024-02-12,Soc Trang,5.69,5.69,
2024-02-13,Bac Lieu,6.28,6.28,
2024-02-13,Ben Tre,5.24,5.24,
2024-02-13,Ca Mau,7.13,7.13,
2024-02-13,Kien Giang,4.59,4.59,
2024-02-13,Soc Trang,5.82,5.82,
2024-02-14,Bac Lieu,6.52,6.52,
2024-02-14,Ben Tre,5.1,5.1,
2024-02-14,Ca Mau,6.99,6.99,
2024-02-14,Kien Giang,4.6,4.6,
2024-02-14,Soc Trang,5.86,5.86,
2024-02-15,Bac Lieu,6.76,6.76,
2024-02-15,Ben Tre,5.56,5.56,
2024-02-15,Ca Mau,7.03,7.03,
2024-02-15,Kien Giang,4.96,4.96,
2024-02-15,Soc Trang,5.97,5.97,
2024-02-16,Bac Lieu,6.77,6.77,
2024-02-16,Ben Tre,5.56,5.56,
2024-02-16,Ca Mau,7.47,7.47,
2024-02-16,Kien Giang,4.32,4.32,
2024-02-16,Soc Trang,5.69,5.69,
2024-02-17,Bac Lieu,5.8,5.8,
2024-02-17,Ben Tre,5.57,5.57,
2024-02-17,Ca Mau,7.16,7.16,
2024-02-17,Kien Giang,4.78,4.78,
2024-02-17,Soc Trang,5.86,5.86,
2024-02-18,Bac Lieu,6.65,6.65,
2024-02-18,Ben Tre,5.3,5.3,
2024-02-18,Ca Mau,7.47,7.47,
2024-02-18,Kien Giang,4.61,4.61,
2024-02-18,Soc Trang,5.57,5.57,
2024-02-19,Bac Lieu,6.55,6.55,
2024-02-19,Ben Tre,5.37,5.37,
2024-02-19,Ca Mau,7.08,7.08,
2024-02-19,Kien Giang,4.9,4.9,
2024-02-19,Soc Trang,5.43,5.43,
2024-02-20,Bac Lieu,6.73,6.73,
2024-02-20,Ben Tre,5.69,5.69,
2024-02-20,Ca Mau,6.86,6.86,
2024-02-20,Kien Giang,4.94,4.94,
2024-02-20,Soc Trang,5.89,5.89,
2024-02-21,Bac Lieu,6.21,6.21,
2024-02-21,Ben Tre,5.61,5.61,
2024-02-21,Ca Mau,7.38,7.38,
2024-02-21,Kien Giang,4.61,4.61,
2024-02-21,Soc Trang,5.86,5.86,
2024-02-22,Bac Lieu,6.93,6.93,
2024-02-22,Ben Tre,5.73,5.73,
2024-02-22,Ca Mau,7.4,7.4,
2024-02-22,Kien Giang,4.83,4.83,
2024-02-22,Soc Trang,5.59,5.59,
2024-02-23,Bac Lieu,6.41,6.41,
2024-02-23,Ben Tre,5.64,5.64,
2024-02-23,Ca Mau,7.02,7.02,
2024-02-23,Kien Giang,4.18,4.18,
2024-02-23,Soc Trang,6.17,6.17,
2024-02-24,Bac Lieu,6.28,6.28,
2024-02-24,Ben Tre,5.58,5.58,
2024-02-24,Ca Mau,7.17,7.17,
2024-02-24,Kien Giang,5.05,5.05,
2024-02-24,Soc Trang,5.79,5.79,
2024-02-25,Bac Lieu,6.73,6.73,
2024-02-25,Ben Tre,5.39,5.39,
2024-02-25,Ca Mau,6.88,6.88,
2024-02-25,Kien Giang,4.81,4.81,
2024-02-25,Soc Trang,5.68,5.68,
2024-02-26,Bac Lieu,6.22,6.22,
2024-02-26,Ben Tre,5.71,5.71,
2024-02-26,Ca Mau,7.38,7.38,
2024-02-26,Kien Giang,5.12,5.12,
2024-02-26,Soc Trang,5.91,5.91,
2024-02-27,Bac Lieu,6.42,6.42,
2024-02-27,Ben Tre,5.5,5.5,
2024-02-27,Ca Mau,7.18,7.18,
2024-02-27,Kien Giang,4.94,4.94,
2024-02-27,Soc Trang,5.83,5.83,
2024-02-28,Bac Lieu,6.38,6.38,
2024-02-28,Ben Tre,5.64,5.64,
2024-02-28,Ca Mau,7.24,7.24,
2024-02-28,Kien Giang,4.83,4.83,
2024-02-28,Soc Trang,5.91,5.91,
2024-02-29,Bac Lieu,6.52,6.52,
2024-02-29,Ben Tre,5.52,5.52,
2024-02-29,Ca Mau,7.25,7.25,
2024-02-29,Kien Giang,5.19,5.19,
2024-02-29,Soc Trang,5.84,5.84,
2024-03-01,Bac Lieu,6.33,6.33,
2024-03-01,Ben Tre,5.58,5.58,
2024-03-01,Ca Mau,7.36,7.36,
2024-03-01,Kien Giang,5.06,5.06,
2024-03-01,Soc Trang,6.04,6.04,
2024-03-02,Bac Lieu,6.62,6.62,
2024-03-02,Ben Tre,5.39,5.39,
2024-03-02,Ca Mau,7.14,7.14,
2024-03-02,Kien Giang,4.56,4.56,
2024-03-02,Soc Trang,5.9,5.9,
2024-03-03,Bac Lieu,6.85,6.85,
2024-03-03,Ben Tre,5.57,5.57,
2024-03-03,Ca Mau,6.78,6.78,
2024-03-03,Kien Giang,4.53,4.53,
2024-03-03,Soc Trang,5.89,5.89,
2024-03-04,Bac Lieu,6.26,6.26,
2024-03-04,Ben Tre,5.38,5.38,
2024-03-04,Ca Mau,7.01,7.01,
2024-03-04,Kien Giang,4.83,4.83,
2024-03-04,Soc Trang,6.01,6.01,
2024-03-05,Bac Lieu,6.11,6.11,
2024-03-05,Ben Tre,5.55,5.55,
2024-03-05,Ca Mau,6.92,6.92,
2024-03-05,Kien Giang,4.74,4.74,
2024-03-05,Soc Trang,6.01,6.01,
2024-03-06,Bac Lieu,6.27,6.27,
2024-03-06,Ben Tre,5.49,5.49,
2024-03-06,Ca Mau,7.08,7.08,
2024-03-06,Kien Giang,4.86,4.86,
2024-03-06,Soc Trang,5.75,5.75,
2024-03-07,Bac Lieu,6.3,6.3,
2024-03-07,Ben Tre,5.68,5.68,
2024-03-07,Ca Mau,7.2,7.2,
2024-03-07,Kien Giang,5.23,5.23,
2024-03-07,Soc Trang,5.42,5.42,
2024-03-08,Bac Lieu,5.99,5.99,
2024-03-08,Ben Tre,5.71,5.71,
2024-03-08,Ca Mau,7.6,7.6,
2024-03-08,Kien Giang,4.73,4.73,
2024-03-08,Soc Trang,5.65,5.65,
2024-03-09,Bac Lieu,6.5,6.5,
2024-03-09,Ben Tre,5.03,5.03,
2024-03-09,Ca Mau,6.85,6.85,
2024-03-09,Kien Giang,4.5,4.5,
2024-03-09,Soc Trang,5.49,5.49,
2024-03-10,Bac Lieu,6.68,6.68,
2024-03-10,Ben Tre,5.63,5.63,
2024-03-10,Ca Mau,7.14,7.14,
2024-03-10,Kien Giang,4.54,4.54,
2024-03-10,Soc Trang,5.99,5.99,
2024-03-11,Bac Lieu,6.15,6.15,
2024-03-11,Ben Tre,5.44,5.44,
2024-03-11,Ca Mau,7.06,7.06,
2024-03-11,Kien Giang,4.87,4.87,
2024-03-11,Soc Trang,5.62,5.62,
2024-03-12,Bac Lieu,6.44,6.44,
2024-03-12,Ben Tre,5.31,5.31,
2024-03-12,Ca Mau,6.91,6.91,
2024-03-12,Kien Giang,4.67,4.67,
2024-03-12,Soc Trang,5.93,5.93,
2024-03-13,Bac Lieu,6.01,6.01,
2024-03-13,Ben Tre,5.18,5.18,
2024-03-13,Ca Mau,6.7,6.7,
2024-03-13,Kien Giang,4.55,4.55,
2024-03-13,Soc Trang,5.56,5.56,
2024-03-14,Bac Lieu,6.5,6.5,
2024-03-14,Ben Tre,5.41,5.41,
2024-03-14,Ca Mau,7.21,7.21,
2024-03-14,Kien Giang,5.16,5.16,
2024-03-14,Soc Trang,5.99,5.99,
2024-03-15,Bac Lieu,6.48,6.48,
2024-03-15,Ben Tre,5.09,5.09,
2024-03-15,Ca Mau,6.79,6.79,
2024-03-15,Kien Giang,4.84,4.84,
2024-03-15,Soc Trang,5.51,5.51,
2024-03-16,Bac Lieu,5.85,5.85,
2024-03-16,Ben Tre,5.58,5.58,
2024-03-16,Ca Mau,6.81,6.81,
2024-03-16,Kien Giang,5.11,5.11,
2024-03-16,Soc Trang,5.56,5.56,
2024-03-17,Bac Lieu,6.54,6.54,
2024-03-17,Ben Tre,5.08,5.08,
2024-03-17,Ca Mau,7.18,7.18,
2024-03-17,Kien Giang,4.87,4.87,
2024-03-17,Soc Trang,5.12,5.12,
2024-03-18,Bac Lieu,6.38,6.38,
2024-03-18,Ben Tre,5.11,5.11,
2024-03-18,Ca Mau,7.08,7.08,
2024-03-18,Kien Giang,4.4,4.4,
2024-03-18,Soc Trang,5.91,5.91,
2024-03-19,Bac Lieu,6.06,6.06,
2024-03-19,Ben Tre,5.34,5.34,
2024-03-19,Ca Mau,6.42,6.42,
2024-03-19,Kien Giang,5.35,5.35,
2024-03-19,Soc Trang,6.07,6.07,
2024-03-20,Bac Lieu,6.6,6.6,
2024-03-20,Ben Tre,5.19,5.19,
2024-03-20,Ca Mau,6.94,6.94,
2024-03-20,Kien Giang,4.63,4.63,
2024-03-20,Soc Trang,5.76,5.76,
2024-03-21,Bac Lieu,5.94,5.94,
2024-03-21,Ben Tre,5.05,5.05,
2024-03-21,Ca Mau,6.66,6.66,
2024-03-21,Kien Giang,4.44,4.44,
2024-03-21,Soc Trang,5.24,5.24,
2024-03-22,Bac Lieu,5.8,5.8,
2024-03-22,Ben Tre,4.93,4.93,
2024-03-22,Ca Mau,6.9,6.9,
2024-03-22,Kien Giang,4.15,4.15,
2024-03-22,Soc Trang,5.48,5.48,
2024-03-23,Bac Lieu,6.18,6.18,
2024-03-23,Ben Tre,5.04,5.04,
2024-03-23,Ca Mau,6.55,6.55,
2024-03-23,Kien Giang,4.87,4.87,
2024-03-23,Soc Trang,5.63,5.63,
2024-03-24,Bac Lieu,6.17,6.17,
2024-03-24,Ben Tre,5.0,5.0,
2024-03-24,Ca Mau,6.6,6.6,
2024-03-24,Kien Giang,4.6,4.6,
2024-03-24,Soc Trang,5.22,5.22,
2024-03-25,Bac Lieu,5.77,5.77,
2024-03-25,Ben Tre,5.17,5.17,
2024-03-25,Ca Mau,6.77,6.77,
2024-03-25,Kien Giang,4.18,4.18,
2024-03-25,Soc Trang,5.18,5.18,
2024-03-26,Bac Lieu,5.98,5.98,
2024-03-26,Ben Tre,5.57,5.57,
2024-03-26,Ca Mau,6.6,6.6,
2024-03-26,Kien Giang,4.77,4.77,
2024-03-26,Soc Trang,5.37,5.37,
2024-03-27,Bac Lieu,6.08,6.08,
2024-03-27,Ben Tre,4.84,4.84,
2024-03-27,Ca Mau,6.71,6.71,
2024-03-27,Kien Giang,4.48,4.48,
2024-03-27,Soc Trang,5.27,5.27,
2024-03-28,Bac Lieu,6.33,6.33,
2024-03-28,Ben Tre,4.57,4.57,
2024-03-28,Ca Mau,6.48,6.48,
2024-03-28,Kien Giang,4.34,4.34,
2024-03-28,Soc Trang,5.24,5.24,
2024-03-29,Bac Lieu,5.9,5.9,
2024-03-29,Ben Tre,5.11,5.11,
2024-03-29,Ca Mau,6.76,6.76,
2024-03-29,Kien Giang,4.35,4.35,
2024-03-29,Soc Trang,5.55,5.55,
2024-03-30,Bac Lieu,6.11,6.11,
2024-03-30,Ben Tre,5.31,5.31,
2024-03-30,Ca Mau,6.24,6.24,
2024-03-30,Kien Giang,4.34,4.34,
2024-03-30,Soc Trang,5.34,5.34,
2024-03-31,Bac Lieu,5.84,5.84,
2024-03-31,Ben Tre,5.14,5.14,
2024-03-31,Ca Mau,5.98,5.98,
2024-03-31,Kien Giang,4.06,4.06,
2024-03-31,Soc Trang,5.08,5.08,
2024-04-01,Bac Lieu,5.97,5.97,
2024-04-01,Ben Tre,5.01,5.01,
2024-04-01,Ca Mau,6.25,6.25,
2024-04-01,Kien Giang,4.04,4.04,
2024-04-01,Soc Trang,5.11,5.11,
2024-04-02,Bac Lieu,6.23,6.23,
2024-04-02,Ben Tre,4.83,4.83,
2024-04-02,Ca Mau,6.43,6.43,
2024-04-02,Kien Giang,4.5,4.5,
2024-04-02,Soc Trang,4.7,4.7,
2024-04-03,Bac Lieu,14.6175,14.6175,
2024-04-03,Ben Tre,10.682142857142855,10.682142857142855,
2024-04-03,Ca Mau,19.103333333333335,19.103333333333335,
2024-04-03,Kien Giang,8.709999999999999,8.709999999999999,
2024-04-03,Soc Trang,5.790000000000001,5.790000000000001,
2024-04-04,Bac Lieu,5.97,5.97,
2024-04-04,Ben Tre,4.76,4.76,
2024-04-04,Ca Mau,6.48,6.48,
2024-04-04,Kien Giang,3.96,3.96,
2024-04-04,Soc Trang,5.07,5.07,
2024-04-05,Bac Lieu,4.94,4.94,
2024-04-05,Ben Tre,4.84,4.84,
2024-04-05,Ca Mau,6.13,6.13,
2024-04-05,Kien Giang,4.37,4.37,
2024-04-05,Soc Trang,4.95,4.95,
2024-04-06,Bac Lieu,5.95,5.95,
2024-04-06,Ben Tre,4.39,4.39,
2024-04-06,Ca Mau,6.29,6.29,
2024-04-06,Kien Giang,4.37,4.37,
2024-04-06,Soc Trang,5.3,5.3,
2024-04-07,Bac Lieu,5.91,5.91,
2024-04-07,Ben Tre,5.05,5.05,
2024-04-07,Ca Mau,6.38,6.38,
2024-04-07,Kien Giang,4.4,4.4,
2024-04-07,Soc Trang,5.39,5.39,
2024-04-08,Bac Lieu,5.79,5.79,
2024-04-08,Ben Tre,4.47,4.47,
2024-04-08,Ca Mau,5.98,5.98,
2024-04-08,Kien Giang,4.86,4.86,
2024-04-08,Soc Trang,5.03,5.03,
2024-04-09,Bac Lieu,5.32,5.32,
2024-04-09,Ben Tre,4.74,4.74,
2024-04-09,Ca Mau,6.08,6.08,
2024-04-09,Kien Giang,3.88,3.88,
2024-04-09,Soc Trang,5.07,5.07,
2024-04-10,Bac Lieu,5.2,5.2,
2024-04-10,Ben Tre,4.84,4.84,
2024-04-10,Ca Mau,5.63,5.63,
2024-04-10,Kien Giang,4.16,4.16,
2024-04-10,Soc Trang,4.87,4.87,
2024-04-11,Bac Lieu,5.39,5.39,
2024-04-11,Ben Tre,4.28,4.28,
2024-04-11,Ca Mau,6.4,6.4,
2024-04-11,Kien Giang,3.95,3.95,
2024-04-11,Soc Trang,5.01,5.01,
2024-04-12,Bac Lieu,5.12,5.12,
2024-04-12,Ben Tre,4.32,4.32,
2024-04-12,Ca Mau,6.42,6.42,
2024-04-12,Kien Giang,3.57,3.57,
2024-04-12,Soc Trang,4.61,4.61,
2024-04-13,Bac Lieu,5.23,5.23,
2024-04-13,Ben Tre,4.04,4.04,
2024-04-13,Ca Mau,6.07,6.07,
2024-04-13,Kien Giang,3.93,3.93,
2024-04-13,Soc Trang,4.57,4.57,
2024-04-14,Bac Lieu,5.18,5.18,
2024-04-14,Ben Tre,4.34,4.34,
2024-04-14,Ca Mau,5.78,5.78,
2024-04-14,Kien Giang,3.59,3.59,
2024-04-14,Soc Trang,5.09,5.09,
2024-04-15,Bac Lieu,4.51,4.51,
2024-04-15,Ben Tre,4.31,4.31,
2024-04-15,Ca Mau,6.16,6.16,
2024-04-15,Kien Giang,3.82,3.82,
2024-04-15,Soc Trang,4.89,4.89,
2024-04-16,Bac Lieu,4.91,4.91,
2024-04-16,Ben Tre,3.72,3.72,
2024-04-16,Ca Mau,5.16,5.16,
2024-04-16,Kien Giang,3.84,3.84,
2024-04-16,Soc Trang,4.58,4.58,
2024-04-17,Bac Lieu,5.42,5.42,
2024-04-17,Ben Tre,3.83,3.83,
2024-04-17,Ca Mau,5.23,5.23,
2024-04-17,Kien Giang,3.48,3.48,
2024-04-17,Soc Trang,4.76,4.76,
2024-04-18,Bac Lieu,5.52,5.52,
2024-04-18,Ben Tre,3.92,3.92,
2024-04-18,Ca Mau,6.07,6.07,
2024-04-18,Kien Giang,3.8,3.8,
2024-04-18,Soc Trang,4.82,4.82,
2024-04-19,Bac Lieu,5.2,5.2,
2024-04-19,Ben Tre,3.95,3.95,
2024-04-19,Ca Mau,5.51,5.51,
2024-04-19,Kien Giang,3.95,3.95,
2024-04-19,Soc Trang,4.95,4.95,
2024-04-20,Bac Lieu,4.67,4.67,
2024-04-20,Ben Tre,4.04,4.04,
2024-04-20,Ca Mau,5.4,5.4,
2024-04-20,Kien Giang,3.8,3.8,
2024-04-20,Soc Trang,4.45,4.45,
2024-04-21,Bac Lieu,4.83,4.83,
2024-04-21,Ben Tre,4.24,4.24,
2024-04-21,Ca Mau,5.26,5.26,
2024-04-21,Kien Giang,3.69,3.69,
2024-04-21,Soc Trang,4.59,4.59,
2024-04-22,Bac Lieu,4.82,4.82,
2024-04-22,Ben Tre,4.61,4.61,
2024-04-22,Ca Mau,5.07,5.07,
2024-04-22,Kien Giang,3.8,3.8,
2024-04-22,Soc Trang,4.07,4.07,
2024-04-23,Bac Lieu,4.73,4.73,
2024-04-23,Ben Tre,4.3,4.3,
2024-04-23,Ca Mau,5.67,5.67,
2024-04-23,Kien Giang,2.94,2.94,
2024-04-23,Soc Trang,4.13,4.13,
2024-04-24,Bac Lieu,4.11,4.11,
2024-04-24,Ben Tre,3.64,3.64,
2024-04-24,Ca Mau,5.24,5.24,
2024-04-24,Kien Giang,3.53,3.53,
2024-04-24,Soc Trang,4.03,4.03,
2024-04-25,Bac Lieu,4.07,4.07,
2024-04-25,Ben Tre,3.79,3.79,
2024-04-25,Ca Mau,5.09,5.09,
2024-04-25,Kien Giang,3.34,3.34,
2024-04-25,Soc Trang,3.81,3.81,
2024-04-26,Bac Lieu,4.75,4.75,
2024-04-26,Ben Tre,3.71,3.71,
2024-04-26,Ca Mau,5.21,5.21,
2024-04-26,Kien Giang,3.67,3.67,
2024-04-26,Soc Trang,3.7,3.7,
2024-04-27,Bac Lieu,4.67,4.67,
2024-04-27,Ben Tre,3.82,3.82,
2024-04-27,Ca Mau,5.05,5.05,
2024-04-27,Kien Giang,3.33,3.33,
2024-04-27,Soc Trang,4.41,4.41,
2024-04-28,Bac Lieu,4.02,4.02,
2024-04-28,Ben Tre,3.69,3.69,
2024-04-28,Ca Mau,4.87,4.87,
2024-04-28,Kien Giang,3.53,3.53,
2024-04-28,Soc Trang,4.35,4.35,
2024-04-29,Bac Lieu,4.2,4.2,
2024-04-29,Ben Tre,3.34,3.34,
2024-04-29,Ca Mau,5.02,5.02,
2024-04-29,Kien Giang,3.4,3.4,
2024-04-29,Soc Trang,3.97,3.97,
2024-04-30,Bac Lieu,4.29,4.29,
2024-04-30,Ben Tre,3.66,3.66,
2024-04-30,Ca Mau,4.47,4.47,
2024-04-30,Kien Giang,3.37,3.37,
2024-04-30,Soc Trang,3.72,3.72,
2024-05-01,Bac Lieu,4.05,4.05,
2024-05-01,Ben Tre,3.6,3.6,
2024-05-01,Ca Mau,5.13,5.13,
2024-05-01,Kien Giang,2.61,2.61,
2024-05-01,Soc Trang,3.75,3.75,
2024-05-02,Bac Lieu,3.93,3.93,
2024-05-02,Ben Tre,3.46,3.46,
2024-05-02,Ca Mau,4.56,4.56,
2024-05-02,Kien Giang,3.0,3.0,
2024-05-02,Soc Trang,3.49,3.49,
2024-05-03,Bac Lieu,3.94,3.94,
2024-05-03,Ben Tre,3.25,3.25,
2024-05-03,Ca Mau,4.16,4.16,
2024-05-03,Kien Giang,2.79,2.79,
2024-05-03,Soc Trang,3.71,3.71,
2024-05-04,Bac Lieu,4.3,4.3,
2024-05-04,Ben Tre,3.31,3.31,
2024-05-04,Ca Mau,4.33,4.33,
2024-05-04,Kien Giang,2.72,2.72,
2024-05-04,Soc Trang,3.91,3.91,
2024-05-05,Bac Lieu,3.52,3.52,
2024-05-05,Ben Tre,3.37,3.37,
2024-05-05,Ca Mau,4.12,4.12,
2024-05-05,Kien Giang,2.86,2.86,
2024-05-05,Soc Trang,3.41,3.41,
2024-05-06,Bac Lieu,3.9,3.9,
2024-05-06,Ben Tre,3.13,3.13,
2024-05-06,Ca Mau,4.19,4.19,
2024-05-06,Kien Giang,2.41,2.41,
2024-05-06,Soc Trang,3.32,3.32,
2024-05-07,Bac Lieu,3.69,3.69,
2024-05-07,Ben Tre,3.58,3.58,
2024-05-07,Ca Mau,4.34,4.34,
2024-05-07,Kien Giang,3.09,3.09,
2024-05-07,Soc Trang,3.11,3.11,
2024-05-08,Bac Lieu,3.53,3.53,
2024-05-08,Ben Tre,3.68,3.68,
2024-05-08,Ca Mau,3.84,3.84,
2024-05-08,Kien Giang,2.83,2.83,
2024-05-08,Soc Trang,3.44,3.44,
2024-05-09,Bac Lieu,3.34,3.34,
2024-05-09,Ben Tre,3.36,3.36,
2024-05-09,Ca Mau,4.02,4.02,
2024-05-09,Kien Giang,2.63,2.63,
2024-05-09,Soc Trang,2.97,2.97,
2024-05-10,Bac Lieu,3.38,3.38,
2024-05-10,Ben Tre,2.57,2.57,
2024-05-10,Ca Mau,3.89,3.89,
2024-05-10,Kien Giang,2.95,2.95,
2024-05-10,Soc Trang,2.99,2.99,
2024-05-11,Bac Lieu,3.38,3.38,
2024-05-11,Ben Tre,2.71,2.71,
2024-05-11,Ca Mau,3.39,3.39,
2024-05-11,Kien Giang,2.86,2.86,
2024-05-11,Soc Trang,3.24,3.24,
2024-05-12,Bac Lieu,3.64,3.64,
2024-05-12,Ben Tre,2.69,2.69,
2024-05-12,Ca Mau,3.77,3.77,
2024-05-12,Kien Giang,2.62,2.62,
2024-05-12,Soc Trang,3.58,3.58,
2024-05-13,Bac Lieu,3.53,3.53,
2024-05-13,Ben Tre,2.87,2.87,
2024-05-13,Ca Mau,3.09,3.09,
2024-05-13,Kien Giang,2.35,2.35,
2024-05-13,Soc Trang,3.1,3.1,
2024-05-14,Bac Lieu,3.38,3.38,
2024-05-14,Ben Tre,2.78,2.78,
2024-05-14,Ca Mau,3.36,3.36,
2024-05-14,Kien Giang,2.46,2.46,
2024-05-14,Soc Trang,2.78,2.78,
2024-05-15,Bac Lieu,3.49,3.49,
2024-05-15,Ben Tre,2.39,2.39,
2024-05-15,Ca Mau,3.09,3.09,
2024-05-15,Kien Giang,2.67,2.67,
2024-05-15,Soc Trang,3.06,3.06,
2024-05-16,Bac Lieu,3.27,3.27,
2024-05-16,Ben Tre,2.89,2.89,
2024-05-16,Ca Mau,3.28,3.28,
2024-05-16,Kien Giang,2.17,2.17,
2024-05-16,Soc Trang,3.05,3.05,
2024-05-17,Bac Lieu,2.94,2.94,
2024-05-17,Ben Tre,2.66,2.66,
2024-05-17,Ca Mau,3.26,3.26,
2024-05-17,Kien Giang,2.55,2.55,
2024-05-17,Soc Trang,2.84,2.84,
2024-05-18,Bac Lieu,2.94,2.94,
2024-05-18,Ben Tre,2.21,2.21,
2024-05-18,Ca Mau,2.99,2.99,
2024-05-18,Kien Giang,2.07,2.07,
2024-05-18,Soc Trang,2.8,2.8,
2024-05-19,Bac Lieu,2.59,2.59,
2024-05-19,Ben Tre,2.23,2.23,
2024-05-19,Ca Mau,3.15,3.15,
2024-05-19,Kien Giang,2.0,2.0,
2024-05-19,Soc Trang,2.62,2.62,
2024-05-20,Bac Lieu,2.48,2.48,
2024-05-20,Ben Tre,2.53,2.53,
2024-05-20,Ca Mau,3.01,3.01,
2024-05-20,Kien Giang,2.29,2.29,
2024-05-20,Soc Trang,2.61,2.61,
2024-05-21,Bac Lieu,2.88,2.88,
2024-05-21,Ben Tre,2.07,2.07,
2024-05-21,Ca Mau,3.35,3.35,
2024-05-21,Kien Giang,2.1,2.1,
2024-05-21,Soc Trang,2.32,2.32,
2024-05-22,Bac Lieu,2.28,2.28,
2024-05-22,Ben Tre,2.09,2.09,
2024-05-22,Ca Mau,2.89,2.89,
2024-05-22,Kien Giang,1.74,1.74,
2024-05-22,Soc Trang,2.5,2.5,
2024-05-23,Bac Lieu,2.36,2.36,
2024-05-23,Ben Tre,2.3,2.3,
2024-05-23,Ca Mau,3.09,3.09,
2024-05-23,Kien Giang,1.93,1.93,
2024-05-23,Soc Trang,2.18,2.18,
2024-05-24,Bac Lieu,2.68,2.68,
2024-05-24,Ben Tre,1.84,1.84,
2024-05-24,Ca Mau,2.49,2.49,
2024-05-24,Kien Giang,1.94,1.94,
2024-05-24,Soc Trang,1.99,1.99,
2024-05-25,Bac Lieu,2.22,2.22,
2024-05-25,Ben Tre,1.57,1.57,
2024-05-25,Ca Mau,2.61,2.61,
2024-05-25,Kien Giang,1.78,1.78,
2024-05-25,Soc Trang,1.68,1.68,
2024-05-26,Bac Lieu,2.5,2.5,
2024-05-26,Ben Tre,1.85,1.85,
2024-05-26,Ca Mau,2.86,2.86,
2024-05-26,Kien Giang,1.81,1.81,
2024-05-26,Soc Trang,2.44,2.44,
2024-05-27,Bac Lieu,2.31,2.31,
2024-05-27,Ben Tre,2.16,2.16,
2024-05-27,Ca Mau,2.36,2.36,
2024-05-27,Can Tho,12.0,,
2024-05-27,Hau Giang,13.0,,
2024-05-27,Kien Giang,9.0,,
2024-05-27,Soc Trang,2.06,2.06,
2024-05-27,Tra Vinh,6.0,,6.0
2024-05-28,Bac Lieu,2.34,2.34,
2024-05-28,Ben Tre,1.64,1.64,
2024-05-28,Ca Mau,2.66,2.66,
2024-05-28,Kien Giang,1.43,1.43,
2024-05-28,Soc Trang,1.95,1.95,
2024-05-29,Bac Lieu,2.23,2.23,
2024-05-29,Ben Tre,1.8,1.8,
2024-05-29,Ca Mau,1.97,1.97,
2024-05-29,Kien Giang,1.65,1.65,
2024-05-29,Soc Trang,2.16,2.16,
2024-05-30,Bac Lieu,2.4,2.4,
2024-05-30,Ben Tre,1.37,1.37,
2024-05-30,Ca Mau,2.36,2.36,
2024-05-30,Kien Giang,1.47,1.47,
2024-05-30,Soc Trang,1.56,1.56,
2024-05-31,Bac Lieu,2.13,2.13,
2024-05-31,Ben Tre,1.61,1.61,
2024-05-31,Ca Mau,2.11,2.11,
2024-05-31,Kien Giang,2.05,2.05,
2024-05-31,Soc Trang,2.16,2.16,
2024-06-01,Bac Lieu,2.3,2.3,
2024-06-01,Ben Tre,1.79,1.79,
2024-06-01,Ca Mau,2.0,2.0,
2024-06-01,Kien Giang,1.34,1.34,
2024-06-01,Soc Trang,1.37,1.37,
2024-06-02,Bac Lieu,1.36,1.36,
2024-06-02,Ben Tre,1.6,1.6,
2024-06-02,Ca Mau,1.7,1.7,
2024-06-02,Kien Giang,1.31,1.31,
2024-06-02,Soc Trang,1.27,1.27,
2024-06-03,Bac Lieu,1.71,1.71,
2024-06-03,Ben Tre,1.46,1.46,
2024-06-03,Ca Mau,1.63,1.63,
2024-06-03,Kien Giang,1.41,1.41,
2024-06-03,Soc Trang,1.51,1.51,
2024-06-04,Bac Lieu,1.74,1.74,
2024-06-04,Ben Tre,1.28,1.28,
2024-06-04,Ca Mau,1.5,1.5,
2024-06-04,Kien Giang,1.04,1.04,
2024-06-04,Soc Trang,1.58,1.58,
2024-06-05,Bac Lieu,1.04,1.04,
2024-06-05,Ben Tre,1.38,1.38,
2024-06-05,Ca Mau,1.65,1.65,
2024-06-05,Kien Giang,1.87,1.87,
2024-06-05,Soc Trang,1.6,1.6,
2024-06-06,Bac Lieu,1.38,1.38,
2024-06-06,Ben Tre,1.16,1.16,
2024-06-06,Ca Mau,1.51,1.51,
2024-06-06,Kien Giang,1.26,1.26,
2024-06-06,Soc Trang,1.36,1.36,
2024-06-07,Bac Lieu,1.3,1.3,
2024-06-07,Ben Tre,1.07,1.07,
2024-06-07,Ca Mau,1.35,1.35,
2024-06-07,Kien Giang,1.22,1.22,
2024-06-07,Soc Trang,1.18,1.18,
2024-06-08,Bac Lieu,1.49,1.49,
2024-06-08,Ben Tre,1.43,1.43,
2024-06-08,Ca Mau,1.96,1.96,
2024-06-08,Kien Giang,0.78,0.78,
2024-06-08,Soc Trang,1.32,1.32,
2024-06-09,Bac Lieu,1.0,1.0,
2024-06-09,Ben Tre,0.82,0.82,
2024-06-09,Ca Mau,1.64,1.64,
2024-06-09,Kien Giang,1.0,1.0,
2024-06-09,Soc Trang,1.41,1.41,
2024-06-10,Bac Lieu,0.6,0.6,
2024-06-10,Ben Tre,0.79,0.79,
2024-06-10,Ca Mau,1.22,1.22,
2024-06-10,Kien Giang,0.99,0.99,
2024-06-10,Soc Trang,1.28,1.28,
2024-06-11,Bac Lieu,1.23,1.23,
2024-06-11,Ben Tre,0.84,0.84,
2024-06-11,Ca Mau,0.89,0.89,
2024-06-11,Kien Giang,0.37,0.37,
2024-06-11,Soc Trang,0.9,0.9,
2024-06-12,Bac Lieu,1.25,1.25,
2024-06-12,Ben Tre,0.67,0.67,
2024-06-12,Ca Mau,1.17,1.17,
2024-06-12,Kien Giang,0.84,0.84,
2024-06-12,Soc Trang,0.68,0.68,
2024-06-13,Bac Lieu,1.39,1.39,
2024-06-13,Ben Tre,0.43,0.43,
2024-06-13,Ca Mau,1.06,1.06,
2024-06-13,Kien Giang,0.9,0.9,
2024-06-13,Soc Trang,1.04,1.04,
2024-06-14,Bac Lieu,1.34,1.34,
2024-06-14,Ben Tre,1.33,1.33,
2024-06-14,Ca Mau,1.23,1.23,
2024-06-14,Kien Giang,0.2,0.2,
2024-06-14,Soc Trang,1.25,1.25,
2024-06-15,Bac Lieu,0.93,0.93,
2024-06-15,Ben Tre,0.59,0.59,
2024-06-15,Ca Mau,1.32,1.32,
2024-06-15,Kien Giang,0.78,0.78,
2024-06-15,Soc Trang,1.1,1.1,
2024-06-16,Bac Lieu,1.24,1.24,
2024-06-16,Ben Tre,0.99,0.99,
2024-06-16,Ca Mau,1.27,1.27,
2024-06-16,Kien Giang,0.97,0.97,
2024-06-16,Soc Trang,1.17,1.17,
2024-06-17,Bac Lieu,0.7,0.7,
2024-06-17,Ben Tre,0.71,0.71,
2024-06-17,Ca Mau,1.17,1.17,
2024-06-17,Kien Giang,0.33,0.33,
2024-06-17,Soc Trang,0.78,0.78,
2024-06-18,Bac Lieu,1.24,1.24,
2024-06-18,Ben Tre,0.82,0.82,
2024-06-18,Ca Mau,1.13,1.13,
2024-06-18,Kien Giang,0.72,0.72,
2024-06-18,Soc Trang,0.76,0.76,
2024-06-19,Bac Lieu,1.16,1.16,
2024-06-19,Ben Tre,0.94,0.94,
2024-06-19,Ca Mau,1.5,1.5,
2024-06-19,Kien Giang,0.73,0.73,
2024-06-19,Soc Trang,1.25,1.25,
2024-06-20,Bac Lieu,1.39,1.39,
2024-06-20,Ben Tre,0.84,0.84,
2024-06-20,Ca Mau,1.8,1.8,
2024-06-20,Kien Giang,0.71,0.71,
2024-06-20,Soc Trang,0.6,0.6,
2024-06-21,Bac Lieu,1.26,1.26,
2024-06-21,Ben Tre,0.62,0.62,
2024-06-21,Ca Mau,1.11,1.11,
2024-06-21,Kien Giang,0.76,0.76,
2024-06-21,Soc Trang,1.08,1.08,
2024-06-22,Bac Lieu,1.18,1.18,
2024-06-22,Ben Tre,0.75,0.75,
2024-06-22,Ca Mau,0.98,0.98,
2024-06-22,Kien Giang,0.55,0.55,
2024-06-22,Soc Trang,0.68,0.68,
2024-06-23,Bac Lieu,1.03,1.03,
2024-06-23,Ben Tre,1.03,1.03,
2024-06-23,Ca Mau,1.51,1.51,
2024-06-23,Kien Giang,0.89,0.89,
2024-06-23,Soc Trang,1.69,1.69,
2024-06-24,Bac Lieu,0.65,0.65,
2024-06-24,Ben Tre,1.38,1.38,
2024-06-24,Ca Mau,1.2,1.2,
2024-06-24,Kien Giang,0.59,0.59,
2024-06-24,Soc Trang,1.44,1.44,
2024-06-25,Bac Lieu,1.15,1.15,
2024-06-25,Ben Tre,1.38,1.38,
2024-06-25,Ca Mau,0.86,0.86,
2024-06-25,Kien Giang,0.98,0.98,
2024-06-25,Soc Trang,0.68,0.68,
2024-06-26,Bac Lieu,0.44,0.44,
2024-06-26,Ben Tre,1.05,1.05,
2024-06-26,Ca Mau,0.89,0.89,
2024-06-26,Kien Giang,0.77,0.77,
2024-06-26,Soc Trang,0.36,0.36,
2024-06-27,Bac Lieu,1.55,1.55,
2024-06-27,Ben Tre,1.18,1.18,
2024-06-27,Ca Mau,1.37,1.37,
2024-06-27,Kien Giang,0.89,0.89,
2024-06-27,Soc Trang,1.7,1.7,
2024-06-28,Bac Lieu,1.01,1.01,
2024-06-28,Ben Tre,0.96,0.96,
2024-06-28,Ca Mau,1.26,1.26,
2024-06-28,Kien Giang,0.58,0.58,
2024-06-28,Soc Trang,0.8,0.8,
2024-06-29,Bac Lieu,1.37,1.37,
2024-06-29,Ben Tre,1.42,1.42,
2024-06-29,Ca Mau,1.18,1.18,
2024-06-29,Kien Giang,0.52,0.52,
2024-06-29,Soc Trang,0.84,0.84,
2024-06-30,Bac Lieu,1.01,1.01,
2024-06-30,Ben Tre,0.94,0.94,
2024-06-30,Ca Mau,1.65,1.65,
2024-06-30,Kien Giang,0.72,0.72,
2024-06-30,Soc Trang,0.52,0.52,
2024-07-01,Bac Lieu,1.53,1.53,
2024-07-01,Ben Tre,0.96,0.96,
2024-07-01,Ca Mau,1.18,1.18,
2024-07-01,Kien Giang,0.98,0.98,
2024-07-01,Soc Trang,0.9,0.9,
2024-07-02,Bac Lieu,0.63,0.63,
2024-07-02,Ben Tre,0.55,0.55,
2024-07-02,Ca Mau,1.44,1.44,
2024-07-02,Kien Giang,0.98,0.98,
2024-07-02,Soc Trang,1.01,1.01,
2024-07-03,Bac Lieu,1.43,1.43,
2024-07-03,Ben Tre,0.77,0.77,
2024-07-03,Ca Mau,1.07,1.07,
2024-07-03,Kien Giang,0.76,0.76,
2024-07-03,Soc Trang,0.79,0.79,
2024-07-04,Bac Lieu,1.66,1.66,
2024-07-04,Ben Tre,1.2,1.2,
2024-07-04,Ca Mau,1.46,1.46,
2024-07-04,Kien Giang,0.34,0.34,
2024-07-04,Soc Trang,1.42,1.42,
2024-07-05,Bac Lieu,0.97,0.97,
2024-07-05,Ben Tre,0.86,0.86,
2024-07-05,Ca Mau,1.26,1.26,
2024-07-05,Kien Giang,0.45,0.45,
2024-07-05,Soc Trang,1.23,1.23,
2024-07-06,Bac Lieu,1.2,1.2,
2024-07-06,Ben Tre,0.47,0.47,
2024-07-06,Ca Mau,1.26,1.26,
2024-07-06,Kien Giang,1.15,1.15,
2024-07-06,Soc Trang,0.73,0.73,
2024-07-07,Bac Lieu,1.3,1.3,
2024-07-07,Ben Tre,1.09,1.09,
2024-07-07,Ca Mau,0.97,0.97,
2024-07-07,Kien Giang,1.32,1.32,
2024-07-07,Soc Trang,0.89,0.89,
2024-07-08,Bac Lieu,1.49,1.49,
2024-07-08,Ben Tre,1.23,1.23,
2024-07-08,Ca Mau,1.49,1.49,
2024-07-08,Kien Giang,0.65,0.65,
2024-07-08,Soc Trang,1.49,1.49,
2024-07-09,Bac Lieu,1.04,1.04,
2024-07-09,Ben Tre,1.09,1.09,
2024-07-09,Ca Mau,1.26,1.26,
2024-07-09,Kien Giang,0.72,0.72,
2024-07-09,Soc Trang,1.15,1.15,
2024-07-10,Bac Lieu,0.79,0.79,
2024-07-10,Ben Tre,0.8,0.8,
2024-07-10,Ca Mau,1.31,1.31,
2024-07-10,Kien Giang,0.48,0.48,
2024-07-10,Soc Trang,0.67,0.67,
2024-07-11,Bac Lieu,0.88,0.88,
2024-07-11,Ben Tre,0.78,0.78,
2024-07-11,Ca Mau,0.89,0.89,
2024-07-11,Kien Giang,0.77,0.77,
2024-07-11,Soc Trang,0.93,0.93,
2024-07-12,Bac Lieu,0.96,0.96,
2024-07-12,Ben Tre,0.65,0.65,
2024-07-12,Ca Mau,1.78,1.78,
2024-07-12,Kien Giang,1.01,1.01,
2024-07-12,Soc Trang,1.23,1.23,
2024-07-13,Bac Lieu,1.11,1.11,
2024-07-13,Ben Tre,0.54,0.54,
2024-07-13,Ca Mau,1.43,1.43,
2024-07-13,Kien Giang,0.96,0.96,
2024-07-13,Soc Trang,0.76,0.76,
2024-07-14,Bac Lieu,0.98,0.98,
2024-07-14,Ben Tre,1.05,1.05,
2024-07-14,Ca Mau,1.18,1.18,
2024-07-14,Kien Giang,0.83,0.83,
2024-07-14,Soc Trang,1.11,1.11,
2024-07-15,Bac Lieu,1.31,1.31,
2024-07-15,Ben Tre,0.69,0.69,
2024-07-15,Ca Mau,1.13,1.13,
2024-07-15,Kien Giang,0.94,0.94,
2024-07-15,Soc Trang,0.67,0.67,
2024-07-16,Bac Lieu,1.12,1.12,
2024-07-16,Ben Tre,1.35,1.35,
2024-07-16,Ca Mau,1.23,1.23,
2024-07-16,Kien Giang,0.51,0.51,
2024-07-16,Soc Trang,1.11,1.11,
2024-07-17,Bac Lieu,1.13,1.13,
2024-07-17,Ben Tre,1.08,1.08,
2024-07-17,Ca Mau,1.66,1.66,
2024-07-17,Kien Giang,1.18,1.18,
2024-07-17,Soc Trang,0.8,0.8,
2024-07-18,Bac Lieu,0.85,0.85,
2024-07-18,Ben Tre,0.97,0.97,
2024-07-18,Ca Mau,1.25,1.25,
2024-07-18,Kien Giang,0.92,0.92,
2024-07-18,Soc Trang,0.97,0.97,
2024-07-19,Bac Lieu,0.82,0.82,
2024-07-19,Ben Tre,1.23,1.23,
2024-07-19,Ca Mau,1.39,1.39,
2024-07-19,Kien Giang,0.51,0.51,
2024-07-19,Soc Trang,0.75,0.75,
2024-07-20,Bac Lieu,1.53,1.53,
2024-07-20,Ben Tre,1.01,1.01,
2024-07-20,Ca Mau,1.23,1.23,
2024-07-20,Kien Giang,0.76,0.76,
2024-07-20,Soc Trang,1.14,1.14,
2024-07-21,Bac Lieu,0.99,0.99,
2024-07-21,Ben Tre,1.11,1.11,
2024-07-21,Ca Mau,1.14,1.14,
2024-07-21,Kien Giang,0.94,0.94,
2024-07-21,Soc Trang,0.39,0.39,
2024-07-22,Bac Lieu,0.87,0.87,
2024-07-22,Ben Tre,1.0,1.0,
2024-07-22,Ca Mau,1.1,1.1,
2024-07-22,Kien Giang,0.49,0.49,
2024-07-22,Soc Trang,0.58,0.58,
2024-07-23,Bac Lieu,0.91,0.91,
2024-07-23,Ben Tre,0.81,0.81,
2024-07-23,Ca Mau,1.13,1.13,
2024-07-23,Kien Giang,0.71,0.71,
2024-07-23,Soc Trang,0.95,0.95,
2024-07-24,Bac Lieu,1.28,1.28,
2024-07-24,Ben Tre,1.11,1.11,
2024-07-24,Ca Mau,0.97,0.97,
2024-07-24,Kien Giang,0.63,0.63,
2024-07-24,Soc Trang,0.99,0.99,
2024-07-25,Bac Lieu,0.95,0.95,
2024-07-25,Ben Tre,0.76,0.76,
2024-07-25,Ca Mau,1.36,1.36,
2024-07-25,Kien Giang,0.59,0.59,
2024-07-25,Soc Trang,1.05,1.05,
2024-07-26,Bac Lieu,1.1,1.1,
2024-07-26,Ben Tre,0.87,0.87,
2024-07-26,Ca Mau,0.89,0.89,
2024-07-26,Kien Giang,1.03,1.03,
2024-07-26,Soc Trang,0.86,0.86,
2024-07-27,Bac Lieu,1.12,1.12,
2024-07-27,Ben Tre,0.97,0.97,
2024-07-27,Ca Mau,1.43,1.43,
2024-07-27,Kien Giang,1.08,1.08,
2024-07-27,Soc Trang,0.68,0.68,
2024-07-28,Bac Lieu,1.33,1.33,
2024-07-28,Ben Tre,0.44,0.44,
2024-07-28,Ca Mau,1.57,1.57,
2024-07-28,Kien Giang,0.99,0.99,
2024-07-28,Soc Trang,0.86,0.86,
2024-07-29,Bac Lieu,1.32,1.32,
2024-07-29,Ben Tre,1.13,1.13,
2024-07-29,Ca Mau,1.32,1.32,
2024-07-29,Kien Giang,1.35,1.35,
2024-07-29,Soc Trang,0.85,0.85,
2024-07-30,Bac Lieu,0.51,0.51,
2024-07-30,Ben Tre,0.87,0.87,
2024-07-30,Ca Mau,0.69,0.69,
2024-07-30,Kien Giang,0.88,0.88,
2024-07-30,Soc Trang,1.1,1.1,
2024-07-31,Bac Lieu,1.31,1.31,
2024-07-31,Ben Tre,1.28,1.28,
2024-07-31,Ca Mau,0.97,0.97,
2024-07-31,Kien Giang,0.87,0.87,
2024-07-31,Soc Trang,0.82,0.82,
2024-08-01,Bac Lieu,1.13,1.13,
2024-08-01,Ben Tre,0.75,0.75,
2024-08-01,Ca Mau,1.48,1.48,
2024-08-01,Kien Giang,1.16,1.16,
2024-08-01,Soc Trang,0.55,0.55,
2024-08-02,Bac Lieu,0.97,0.97,
2024-08-02,Ben Tre,0.86,0.86,
2024-08-02,Ca Mau,1.46,1.46,
2024-08-02,Kien Giang,1.3,1.3,
2024-08-02,Soc Trang,0.93,0.93,
2024-08-03,Bac Lieu,0.95,0.95,
2024-08-03,Ben Tre,0.37,0.37,
2024-08-03,Ca Mau,0.95,0.95,
2024-08-03,Kien Giang,1.03,1.03,
2024-08-03,Soc Trang,1.36,1.36,
2024-08-04,Bac Lieu,1.18,1.18,
2024-08-04,Ben Tre,1.39,1.39,
2024-08-04,Ca Mau,1.17,1.17,
2024-08-04,Kien Giang,1.15,1.15,
2024-08-04,Soc Trang,0.87,0.87,
2024-08-05,Bac Lieu,1.33,1.33,
2024-08-05,Ben Tre,0.95,0.95,
2024-08-05,Ca Mau,1.02,1.02,
2024-08-05,Kien Giang,0.62,0.62,
2024-08-05,Soc Trang,0.97,0.97,
2024-08-06,Bac Lieu,0.88,0.88,
2024-08-06,Ben Tre,0.59,0.59,
2024-08-06,Ca Mau,1.56,1.56,
2024-08-06,Kien Giang,1.18,1.18,
2024-08-06,Soc Trang,1.0,1.0,
2024-08-07,Bac Lieu,1.39,1.39,
2024-08-07,Ben Tre,0.64,0.64,
2024-08-07,Ca Mau,0.85,0.85,
2024-08-07,Kien Giang,0.68,0.68,
2024-08-07,Soc Trang,0.75,0.75,
2024-08-08,Bac Lieu,0.77,0.77,
2024-08-08,Ben Tre,0.97,0.97,
2024-08-08,Ca Mau,1.12,1.12,
2024-08-08,Kien Giang,0.97,0.97,
2024-08-08,Soc Trang,0.79,0.79,
2024-08-09,Bac Lieu,0.97,0.97,
2024-08-09,Ben Tre,0.74,0.74,
2024-08-09,Ca Mau,1.91,1.91,
2024-08-09,Kien Giang,0.85,0.85,
2024-08-09,Soc Trang,0.22,0.22,
2024-08-10,Bac Lieu,0.8,0.8,
2024-08-10,Ben Tre,0.84,0.84,
2024-08-10,Ca Mau,1.19,1.19,
2024-08-10,Kien Giang,0.71,0.71,
2024-08-10,Soc Trang,0.73,0.73,
2024-08-11,Bac Lieu,0.94,0.94,
2024-08-11,Ben Tre,0.96,0.96,
2024-08-11,Ca Mau,0.86,0.86,
2024-08-11,Kien Giang,0.74,0.74,
2024-08-11,Soc Trang,1.05,1.05,
2024-08-12,Bac Lieu,0.91,0.91,
2024-08-12,Ben Tre,1.06,1.06,
2024-08-12,Ca Mau,1.34,1.34,
2024-08-12,Kien Giang,0.23,0.23,
2024-08-12,Soc Trang,1.2,1.2,
2024-08-13,Bac Lieu,1.2,1.2,
2024-08-13,Ben Tre,0.75,0.75,
2024-08-13,Ca Mau,1.5,1.5,
2024-08-13,Kien Giang,0.53,0.53,
2024-08-13,Soc Trang,0.83,0.83,
2024-08-14,Bac Lieu,1.18,1.18,
2024-08-14,Ben Tre,0.78,0.78,
2024-08-14,Ca Mau,0.94,0.94,
2024-08-14,Kien Giang,0.62,0.62,
2024-08-14,Soc Trang,1.35,1.35,
2024-08-15,Bac Lieu,1.43,1.43,
2024-08-15,Ben Tre,0.44,0.44,
2024-08-15,Ca Mau,1.11,1.11,
2024-08-15,Kien Giang,0.64,0.64,
2024-08-15,Soc Trang,1.26,1.26,
2024-08-16,Bac Lieu,0.92,0.92,
2024-08-16,Ben Tre,1.32,1.32,
2024-08-16,Ca Mau,1.59,1.59,
2024-08-16,Kien Giang,1.21,1.21,
2024-08-16,Soc Trang,0.82,0.82,
2024-08-17,Bac Lieu,1.18,1.18,
2024-08-17,Ben Tre,0.98,0.98,
2024-08-17,Ca Mau,0.8,0.8,
2024-08-17,Kien Giang,1.04,1.04,
2024-08-17,Soc Trang,0.81,0.81,
2024-08-18,Bac Lieu,1.3,1.3,
2024-08-18,Ben Tre,1.21,1.21,
2024-08-18,Ca Mau,1.2,1.2,
2024-08-18,Kien Giang,0.81,0.81,
2024-08-18,Soc Trang,0.9,0.9,
2024-08-19,Bac Lieu,0.94,0.94,
2024-08-19,Ben Tre,0.6,0.6,
2024-08-19,Ca Mau,1.04,1.04,
2024-08-19,Kien Giang,0.55,0.55,
2024-08-19,Soc Trang,1.02,1.02,
2024-08-20,Bac Lieu,0.79,0.79,
2024-08-20,Ben Tre,0.66,0.66,
2024-08-20,Ca Mau,1.46,1.46,
2024-08-20,Kien Giang,0.96,0.96,
2024-08-20,Soc Trang,1.22,1.22,
2024-08-21,Bac Lieu,0.82,0.82,
2024-08-21,Ben Tre,0.81,0.81,
2024-08-21,Ca Mau,1.16,1.16,
2024-08-21,Kien Giang,0.73,0.73,
2024-08-21,Soc Trang,0.76,0.76,
2024-08-22,Bac Lieu,0.76,0.76,
2024-08-22,Ben Tre,0.94,0.94,
2024-08-22,Ca Mau,1.26,1.26,
2024-08-22,Kien Giang,1.15,1.15,
2024-08-22,Soc Trang,0.9,0.9,
2024-08-23,Bac Lieu,0.8,0.8,
2024-08-23,Ben Tre,0.66,0.66,
2024-08-23,Ca Mau,0.83,0.83,
2024-08-23,Kien Giang,0.71,0.71,
2024-08-23,Soc Trang,1.17,1.17,
2024-08-24,Bac Lieu,1.08,1.08,
2024-08-24,Ben Tre,0.72,0.72,
2024-08-24,Ca Mau,0.95,0.95,
2024-08-24,Kien Giang,1.2,1.2,
2024-08-24,Soc Trang,1.05,1.05,
2024-08-25,Bac Lieu,1.23,1.23,
2024-08-25,Ben Tre,0.55,0.55,
2024-08-25,Ca Mau,1.52,1.52,
2024-08-25,Kien Giang,0.9,0.9,
2024-08-25,Soc Trang,1.18,1.18,
2024-08-26,Bac Lieu,1.05,1.05,
2024-08-26,Ben Tre,0.56,0.56,
2024-08-26,Ca Mau,1.09,1.09,
2024-08-26,Kien Giang,0.39,0.39,
2024-08-26,Soc Trang,1.19,1.19,
2024-08-27,Bac Lieu,0.63,0.63,
2024-08-27,Ben Tre,0.8,0.8,
2024-08-27,Ca Mau,1.29,1.29,
2024-08-27,Kien Giang,0.45,0.45,
2024-08-27,Soc Trang,1.22,1.22,
2024-08-28,Bac Lieu,0.6,0.6,
2024-08-28,Ben Tre,0.56,0.56,
2024-08-28,Ca Mau,1.5,1.5,
2024-08-28,Kien Giang,0.7,0.7,
2024-08-28,Soc Trang,0.39,0.39,
2024-08-29,Bac Lieu,0.7,0.7,
2024-08-29,Ben Tre,0.82,0.82,
2024-08-29,Ca Mau,1.39,1.39,
2024-08-29,Kien Giang,1.0,1.0,
2024-08-29,Soc Trang,1.14,1.14,
2024-08-30,Bac Lieu,0.9,0.9,
2024-08-30,Ben Tre,1.13,1.13,
2024-08-30,Ca Mau,1.38,1.38,
2024-08-30,Kien Giang,0.85,0.85,
2024-08-30,Soc Trang,0.8,0.8,
2024-08-31,Bac Lieu,1.25,1.25,
2024-08-31,Ben Tre,0.76,0.76,
2024-08-31,Ca Mau,0.88,0.88,
2024-08-31,Kien Giang,0.82,0.82,
2024-08-31,Soc Trang,1.01,1.01,
2024-09-01,Bac Lieu,1.6,1.6,
2024-09-01,Ben Tre,1.05,1.05,
2024-09-01,Ca Mau,1.07,1.07,
2024-09-01,Kien Giang,0.86,0.86,
2024-09-01,Soc Trang,1.1,1.1,
2024-09-02,Bac Lieu,0.67,0.67,
2024-09-02,Ben Tre,0.38,0.38,
2024-09-02,Ca Mau,1.8,1.8,
2024-09-02,Kien Giang,0.82,0.82,
2024-09-02,Soc Trang,0.98,0.98,
2024-09-03,Bac Lieu,1.76,1.76,
2024-09-03,Ben Tre,0.8,0.8,
2024-09-03,Ca Mau,1.1,1.1,
2024-09-03,Kien Giang,1.28,1.28,
2024-09-03,Soc Trang,1.13,1.13,
2024-09-04,Bac Lieu,1.05,1.05,
2024-09-04,Ben Tre,0.99,0.99,
2024-09-04,Ca Mau,1.13,1.13,
2024-09-04,Kien Giang,0.8,0.8,
2024-09-04,Soc Trang,0.9,0.9,
2024-09-05,Bac Lieu,1.21,1.21,
2024-09-05,Ben Tre,0.86,0.86,
2024-09-05,Ca Mau,1.32,1.32,
2024-09-05,Kien Giang,0.96,0.96,
2024-09-05,Soc Trang,0.87,0.87,
2024-09-06,Bac Lieu,1.29,1.29,
2024-09-06,Ben Tre,0.9,0.9,
2024-09-06,Ca Mau,1.65,1.65,
2024-09-06,Kien Giang,1.11,1.11,
2024-09-06,Soc Trang,1.21,1.21,
2024-09-07,Bac Lieu,1.11,1.11,
2024-09-07,Ben Tre,1.04,1.04,
2024-09-07,Ca Mau,1.08,1.08,
2024-09-07,Kien Giang,0.77,0.77,
2024-09-07,Soc Trang,0.72,0.72,
2024-09-08,Bac Lieu,0.96,0.96,
2024-09-08,Ben Tre,1.41,1.41,
2024-09-08,Ca Mau,1.0,1.0,
2024-09-08,Kien Giang,0.74,0.74,
2024-09-08,Soc Trang,1.08,1.08,
2024-09-09,Bac Lieu,0.85,0.85,
2024-09-09,Ben Tre,1.04,1.04,
2024-09-09,Ca Mau,0.87,0.87,
2024-09-09,Kien Giang,0.59,0.59,
2024-09-09,Soc Trang,0.52,0.52,
2024-09-10,Bac Lieu,1.15,1.15,
2024-09-10,Ben Tre,1.0,1.0,
2024-09-10,Ca Mau,1.2,1.2,
2024-09-10,Kien Giang,0.58,0.58,
2024-09-10,Soc Trang,0.97,0.97,
2024-09-11,Bac Lieu,1.36,1.36,
2024-09-11,Ben Tre,0.58,0.58,
2024-09-11,Ca Mau,1.21,1.21,
2024-09-11,Kien Giang,0.76,0.76,
2024-09-11,Soc Trang,1.45,1.45,
2024-09-12,Bac Lieu,1.03,1.03,
2024-09-12,Ben Tre,0.95,0.95,
2024-09-12,Ca Mau,1.27,1.27,
2024-09-12,Kien Giang,1.01,1.01,
2024-09-12,Soc Trang,0.9,0.9,
2024-09-13,Bac Lieu,1.52,1.52,
2024-09-13,Ben Tre,0.92,0.92,
2024-09-13,Ca Mau,0.87,0.87,
2024-09-13,Kien Giang,0.54,0.54,
2024-09-13,Soc Trang,1.01,1.01,
2024-09-14,Bac Lieu,1.0,1.0,
2024-09-14,Ben Tre,1.37,1.37,
2024-09-14,Ca Mau,0.9,0.9,
2024-09-14,Kien Giang,0.91,0.91,
2024-09-14,Soc Trang,1.0,1.0,
2024-09-15,Bac Lieu,1.3,1.3,
2024-09-15,Ben Tre,0.97,0.97,
2024-09-15,Ca Mau,1.14,1.14,
2024-09-15,Kien Giang,0.72,0.72,
2024-09-15,Soc Trang,0.9,0.9,
2024-09-16,Bac Lieu,1.01,1.01,
2024-09-16,Ben Tre,0.84,0.84,
2024-09-16,Ca Mau,0.84,0.84,
2024-09-16,Kien Giang,0.7,0.7,
2024-09-16,Soc Trang,0.67,0.67,
2024-09-17,Bac Lieu,1.2,1.2,
2024-09-17,Ben Tre,1.13,1.13,
2024-09-17,Ca Mau,1.33,1.33,
2024-09-17,Kien Giang,0.28,0.28,
2024-09-17,Soc Trang,0.54,0.54,
2024-09-18,Bac Lieu,0.92,0.92,
2024-09-18,Ben Tre,0.75,0.75,
2024-09-18,Ca Mau,1.17,1.17,
2024-09-18,Kien Giang,0.54,0.54,
2024-09-18,Soc Trang,0.84,0.84,
2024-09-19,Bac Lieu,1.09,1.09,
2024-09-19,Ben Tre,1.19,1.19,
2024-09-19,Ca Mau,0.98,0.98,
2024-09-19,Kien Giang,0.37,0.37,
2024-09-19,Soc Trang,1.1,1.1,
2024-09-20,Bac Lieu,1.04,1.04,
2024-09-20,Ben Tre,0.81,0.81,
2024-09-20,Ca Mau,0.87,0.87,
2024-09-20,Kien Giang,0.9,0.9,
2024-09-20,Soc Trang,0.73,0.73,
2024-09-21,Bac Lieu,1.05,1.05,
2024-09-21,Ben Tre,0.85,0.85,
2024-09-21,Ca Mau,1.24,1.24,
2024-09-21,Kien Giang,0.95,0.95,
2024-09-21,Soc Trang,0.95,0.95,
2024-09-22,Bac Lieu,1.44,1.44,
2024-09-22,Ben Tre,1.33,1.33,
2024-09-22,Ca Mau,1.46,1.46,
2024-09-22,Kien Giang,0.93,0.93,
2024-09-22,Soc Trang,1.01,1.01,
2024-09-23,Bac Lieu,0.92,0.92,
2024-09-23,Ben Tre,0.83,0.83,
2024-09-23,Ca Mau,1.17,1.17,
2024-09-23,Kien Giang,0.74,0.74,
2024-09-23,Soc Trang,0.3,0.3,
2024-09-24,Bac Lieu,1.02,1.02,
2024-09-24,Ben Tre,0.91,0.91,
2024-09-24,Ca Mau,0.96,0.96,
2024-09-24,Kien Giang,0.82,0.82,
2024-09-24,Soc Trang,0.94,0.94,
2024-09-25,Bac Lieu,1.07,1.07,
2024-09-25,Ben Tre,1.25,1.25,
2024-09-25,Ca Mau,1.39,1.39,
2024-09-25,Kien Giang,0.69,0.69,
2024-09-25,Soc Trang,0.8,0.8,
2024-09-26,Bac Lieu,1.28,1.28,
2024-09-26,Ben Tre,1.08,1.08,
2024-09-26,Ca Mau,1.46,1.46,
2024-09-26,Kien Giang,0.94,0.94,
2024-09-26,Soc Trang,1.26,1.26,
2024-09-27,Bac Lieu,1.16,1.16,
2024-09-27,Ben Tre,0.8,0.8,
2024-09-27,Ca Mau,1.24,1.24,
2024-09-27,Kien Giang,0.67,0.67,
2024-09-27,Soc Trang,0.91,0.91,
2024-09-28,Bac Lieu,1.05,1.05,
2024-09-28,Ben Tre,0.31,0.31,
2024-09-28,Ca Mau,1.44,1.44,
2024-09-28,Kien Giang,0.54,0.54,
2024-09-28,Soc Trang,0.88,0.88,
2024-09-29,Bac Lieu,0.72,0.72,
2024-09-29,Ben Tre,0.95,0.95,
2024-09-29,Ca Mau,0.79,0.79,
2024-09-29,Kien Giang,0.59,0.59,
2024-09-29,Soc Trang,0.76,0.76,
2024-09-30,Bac Lieu,1.04,1.04,
2024-09-30,Ben Tre,1.09,1.09,
2024-09-30,Ca Mau,0.73,0.73,
2024-09-30,Kien Giang,0.82,0.82,
2024-09-30,Soc Trang,0.74,0.74,
2024-10-01,Bac Lieu,0.79,0.79,
2024-10-01,Ben Tre,0.64,0.64,
2024-10-01,Ca Mau,1.51,1.51,
2024-10-01,Kien Giang,0.83,0.83,
2024-10-01,Soc Trang,0.65,0.65,
2024-10-02,Bac Lieu,1.21,1.21,
2024-10-02,Ben Tre,0.92,0.92,
2024-10-02,Ca Mau,1.1,1.1,
2024-10-02,Kien Giang,0.75,0.75,
2024-10-02,Soc Trang,0.87,0.87,
2024-10-03,Bac Lieu,1.58,1.58,
2024-10-03,Ben Tre,0.84,0.84,
2024-10-03,Ca Mau,0.67,0.67,
2024-10-03,Kien Giang,1.07,1.07,
2024-10-03,Soc Trang,1.13,1.13,
2024-10-04,Bac Lieu,1.05,1.05,
2024-10-04,Ben Tre,0.84,0.84,
2024-10-04,Ca Mau,1.17,1.17,
2024-10-04,Kien Giang,1.21,1.21,
2024-10-04,Soc Trang,0.65,0.65,
2024-10-05,Bac Lieu,1.32,1.32,
2024-10-05,Ben Tre,1.13,1.13,
2024-10-05,Ca Mau,1.23,1.23,
2024-10-05,Kien Giang,0.82,0.82,
2024-10-05,Soc Trang,1.02,1.02,
2024-10-06,Bac Lieu,1.23,1.23,
2024-10-06,Ben Tre,0.91,0.91,
2024-10-06,Ca Mau,1.24,1.24,
2024-10-06,Kien Giang,0.67,0.67,
2024-10-06,Soc Trang,1.0,1.0,
2024-10-07,Bac Lieu,1.28,1.28,
2024-10-07,Ben Tre,1.4,1.4,
2024-10-07,Ca Mau,1.42,1.42,
2024-10-07,Kien Giang,0.89,0.89,
2024-10-07,Soc Trang,0.88,0.88,
2024-10-08,Bac Lieu,1.06,1.06,
2024-10-08,Ben Tre,0.61,0.61,
2024-10-08,Ca Mau,1.07,1.07,
2024-10-08,Kien Giang,1.16,1.16,
2024-10-08,Soc Trang,0.76,0.76,
2024-10-09,Bac Lieu,1.22,1.22,
2024-10-09,Ben Tre,0.82,0.82,
2024-10-09,Ca Mau,1.0,1.0,
2024-10-09,Kien Giang,0.92,0.92,
2024-10-09,Soc Trang,1.49,1.49,
2024-10-10,Bac Lieu,1.24,1.24,
2024-10-10,Ben Tre,0.84,0.84,
2024-10-10,Ca Mau,1.09,1.09,
2024-10-10,Kien Giang,1.11,1.11,
2024-10-10,Soc Trang,1.19,1.19,
2024-10-11,Bac Lieu,1.03,1.03,
2024-10-11,Ben Tre,0.51,0.51,
2024-10-11,Ca Mau,1.13,1.13,
2024-10-11,Kien Giang,0.91,0.91,
2024-10-11,Soc Trang,0.82,0.82,
2024-10-12,Bac Lieu,0.64,0.64,
2024-10-12,Ben Tre,0.68,0.68,
2024-10-12,Ca Mau,1.01,1.01,
2024-10-12,Kien Giang,0.93,0.93,
2024-10-12,Soc Trang,1.02,1.02,
2024-10-13,Bac Lieu,1.42,1.42,
2024-10-13,Ben Tre,1.05,1.05,
2024-10-13,Ca Mau,1.06,1.06,
2024-10-13,Kien Giang,1.43,1.43,
2024-10-13,Soc Trang,1.14,1.14,
2024-10-14,Bac Lieu,0.81,0.81,
2024-10-14,Ben Tre,0.81,0.81,
2024-10-14,Ca Mau,1.11,1.11,
2024-10-14,Kien Giang,0.78,0.78,
2024-10-14,Soc Trang,1.09,1.09,
2024-10-15,Bac Lieu,0.98,0.98,
2024-10-15,Ben Tre,0.99,0.99,
2024-10-15,Ca Mau,1.23,1.23,
2024-10-15,Kien Giang,1.03,1.03,
2024-10-15,Soc Trang,1.06,1.06,
2024-10-16,Bac Lieu,1.38,1.38,
2024-10-16,Ben Tre,0.73,0.73,
2024-10-16,Ca Mau,0.94,0.94,
2024-10-16,Kien Giang,1.4,1.4,
2024-10-16,Soc Trang,0.42,0.42,
2024-10-17,Bac Lieu,1.27,1.27,
2024-10-17,Ben Tre,1.06,1.06,
2024-10-17,Ca Mau,0.94,0.94,
2024-10-17,Kien Giang,1.09,1.09,
2024-10-17,Soc Trang,0.79,0.79,
2024-10-18,Bac Lieu,0.95,0.95,
2024-10-18,Ben Tre,0.84,0.84,
2024-10-18,Ca Mau,1.14,1.14,
2024-10-18,Kien Giang,0.84,0.84,
2024-10-18,Soc Trang,0.98,0.98,
2024-10-19,Bac Lieu,1.12,1.12,
2024-10-19,Ben Tre,1.11,1.11,
2024-10-19,Ca Mau,1.03,1.03,
2024-10-19,Kien Giang,1.17,1.17,
2024-10-19,Soc Trang,1.15,1.15,
2024-10-20,Bac Lieu,1.15,1.15,
2024-10-20,Ben Tre,0.74,0.74,
2024-10-20,Ca Mau,1.21,1.21,
2024-10-20,Kien Giang,0.26,0.26,
2024-10-20,Soc Trang,1.21,1.21,
2024-10-21,Bac Lieu,1.46,1.46,
2024-10-21,Ben Tre,1.26,1.26,
2024-10-21,Ca Mau,0.96,0.96,
2024-10-21,Kien Giang,0.57,0.57,
2024-10-21,Soc Trang,1.05,1.05,
2024-10-22,Bac Lieu,1.29,1.29,
2024-10-22,Ben Tre,0.91,0.91,
2024-10-22,Ca Mau,0.92,0.92,
2024-10-22,Kien Giang,1.06,1.06,
2024-10-22,Soc Trang,1.0,1.0,
2024-10-23,Bac Lieu,0.74,0.74,
2024-10-23,Ben Tre,0.99,0.99,
2024-10-23,Ca Mau,1.32,1.32,
2024-10-23,Kien Giang,0.94,0.94,
2024-10-23,Soc Trang,0.67,0.67,
2024-10-24,Bac Lieu,1.09,1.09,
2024-10-24,Ben Tre,0.41,0.41,
2024-10-24,Ca Mau,1.18,1.18,
2024-10-24,Kien Giang,0.89,0.89,
2024-10-24,Soc Trang,0.64,0.64,
2024-10-25,Bac Lieu,1.13,1.13,
2024-10-25,Ben Tre,1.19,1.19,
2024-10-25,Ca Mau,1.0,1.0,
2024-10-25,Kien Giang,0.94,0.94,
2024-10-25,Soc Trang,0.87,0.87,
2024-10-26,Bac Lieu,0.48,0.48,
2024-10-26,Ben Tre,0.81,0.81,
2024-10-26,Ca Mau,1.59,1.59,
2024-10-26,Kien Giang,0.83,0.83,
2024-10-26,Soc Trang,1.25,1.25,
2024-10-27,Bac Lieu,1.5,1.5,
2024-10-27,Ben Tre,0.93,0.93,
2024-10-27,Ca Mau,1.04,1.04,
2024-10-27,Kien Giang,0.98,0.98,
2024-10-27,Soc Trang,1.02,1.02,
2024-10-28,Bac Lieu,0.88,0.88,
2024-10-28,Ben Tre,0.89,0.89,
2024-10-28,Ca Mau,0.82,0.82,
2024-10-28,Kien Giang,1.12,1.12,
2024-10-28,Soc Trang,1.1,1.1,
2024-10-29,Bac Lieu,0.86,0.86,
2024-10-29,Ben Tre,0.9,0.9,
2024-10-29,Ca Mau,1.44,1.44,
2024-10-29,Kien Giang,0.96,0.96,
2024-10-29,Soc Trang,0.92,0.92,
2024-10-30,Bac Lieu,0.49,0.49,
2024-10-30,Ben Tre,0.69,0.69,
2024-10-30,Ca Mau,1.17,1.17,
2024-10-30,Kien Giang,1.08,1.08,
2024-10-30,Soc Trang,0.82,0.82,
2024-10-31,Bac Lieu,1.22,1.22,
2024-10-31,Ben Tre,0.83,0.83,
2024-10-31,Ca Mau,1.4,1.4,
2024-10-31,Kien Giang,1.03,1.03,
2024-10-31,Soc Trang,1.25,1.25,
2024-11-01,Bac Lieu,0.76,0.76,
2024-11-01,Ben Tre,0.79,0.79,
2024-11-01,Ca Mau,1.8,1.8,
2024-11-01,Kien Giang,0.39,0.39,
2024-11-01,Soc Trang,1.01,1.01,
2024-11-02,Bac Lieu,1.08,1.08,
2024-11-02,Ben Tre,1.18,1.18,
2024-11-02,Ca Mau,1.51,1.51,
2024-11-02,Kien Giang,0.79,0.79,
2024-11-02,Soc Trang,1.17,1.17,
2024-11-03,Bac Lieu,1.5,1.5,
2024-11-03,Ben Tre,0.79,0.79,
2024-11-03,Ca Mau,1.12,1.12,
2024-11-03,Kien Giang,0.56,0.56,
2024-11-03,Soc Trang,0.68,0.68,
2024-11-04,Bac Lieu,1.39,1.39,
2024-11-04,Ben Tre,1.07,1.07,
2024-11-04,Ca Mau,0.88,0.88,
2024-11-04,Kien Giang,1.12,1.12,
2024-11-04,Soc Trang,0.82,0.82,
2024-11-05,Bac Lieu,1.13,1.13,
2024-11-05,Ben Tre,1.06,1.06,
2024-11-05,Ca Mau,0.86,0.86,
2024-11-05,Kien Giang,1.07,1.07,
2024-11-05,Soc Trang,0.81,0.81,
2024-11-06,Bac Lieu,1.37,1.37,
2024-11-06,Ben Tre,0.98,0.98,
2024-11-06,Ca Mau,0.98,0.98,
2024-11-06,Kien Giang,0.35,0.35,
2024-11-06,Soc Trang,0.75,0.75,
2024-11-07,Bac Lieu,0.97,0.97,
2024-11-07,Ben Tre,0.66,0.66,
2024-11-07,Ca Mau,0.89,0.89,
2024-11-07,Kien Giang,0.9,0.9,
2024-11-07,Soc Trang,1.31,1.31,
2024-11-08,Bac Lieu,0.64,0.64,
2024-11-08,Ben Tre,0.98,0.98,
2024-11-08,Ca Mau,0.74,0.74,
2024-11-08,Kien Giang,0.8,0.8,
2024-11-08,Soc Trang,1.29,1.29,
2024-11-09,Bac Lieu,1.35,1.35,
2024-11-09,Ben Tre,1.02,1.02,
2024-11-09,Ca Mau,1.57,1.57,
2024-11-09,Kien Giang,0.54,0.54,
2024-11-09,Soc Trang,1.07,1.07,
2024-11-10,Bac Lieu,1.36,1.36,
2024-11-10,Ben Tre,0.54,0.54,
2024-11-10,Ca Mau,1.08,1.08,
2024-11-10,Kien Giang,0.89,0.89,
2024-11-10,Soc Trang,1.59,1.59,
2024-11-11,Bac Lieu,0.74,0.74,
2024-11-11,Ben Tre,1.12,1.12,
2024-11-11,Ca Mau,1.1,1.1,
2024-11-11,Kien Giang,0.96,0.96,
2024-11-11,Soc Trang,1.31,1.31,
2024-11-12,Bac Lieu,1.05,1.05,
2024-11-12,Ben Tre,1.21,1.21,
2024-11-12,Ca Mau,1.47,1.47,
2024-11-12,Kien Giang,0.7,0.7,
2024-11-12,Soc Trang,0.74,0.74,
2024-11-13,Bac Lieu,0.91,0.91,
2024-11-13,Ben Tre,0.91,0.91,
2024-11-13,Ca Mau,0.73,0.73,
2024-11-13,Kien Giang,1.02,1.02,
2024-11-13,Soc Trang,1.33,1.33,
2024-11-14,Bac Lieu,1.02,1.02,
2024-11-14,Ben Tre,0.66,0.66,
2024-11-14,Ca Mau,1.06,1.06,
2024-11-14,Kien Giang,0.95,0.95,
2024-11-14,Soc Trang,0.81,0.81,
2024-11-15,Bac Lieu,1.28,1.28,
2024-11-15,Ben Tre,1.18,1.18,
2024-11-15,Ca Mau,1.18,1.18,
2024-11-15,Kien Giang,0.69,0.69,
2024-11-15,Soc Trang,1.14,1.14,
2024-11-16,Bac Lieu,1.16,1.16,
2024-11-16,Ben Tre,0.96,0.96,
2024-11-16,Ca Mau,1.28,1.28,
2024-11-16,Kien Giang,0.97,0.97,
2024-11-16,Soc Trang,0.66,0.66,
2024-11-17,Bac Lieu,0.92,0.92,
2024-11-17,Ben Tre,0.96,0.96,
2024-11-17,Ca Mau,1.27,1.27,
2024-11-17,Kien Giang,0.8,0.8,
2024-11-17,Soc Trang,0.82,0.82,
2024-11-18,Bac Lieu,1.25,1.25,
2024-11-18,Ben Tre,0.81,0.81,
2024-11-18,Ca Mau,1.03,1.03,
2024-11-18,Kien Giang,1.04,1.04,
2024-11-18,Soc Trang,0.87,0.87,
2024-11-19,Bac Lieu,1.4,1.4,
2024-11-19,Ben Tre,0.96,0.96,
2024-11-19,Ca Mau,1.4,1.4,
2024-11-19,Kien Giang,1.12,1.12,
2024-11-19,Soc Trang,1.2,1.2,
2024-11-20,Bac Lieu,1.52,1.52,
2024-11-20,Ben Tre,0.77,0.77,
2024-11-20,Ca Mau,1.39,1.39,
2024-11-20,Kien Giang,0.98,0.98,
2024-11-20,Soc Trang,1.0,1.0,
2024-11-21,Bac Lieu,1.94,1.94,
2024-11-21,Ben Tre,1.4,1.4,
2024-11-21,Ca Mau,1.75,1.75,
2024-11-21,Kien Giang,0.95,0.95,
2024-11-21,Soc Trang,1.26,1.26,
2024-11-22,Bac Lieu,1.87,1.87,
2024-11-22,Ben Tre,0.52,0.52,
2024-11-22,Ca Mau,1.67,1.67,
2024-11-22,Kien Giang,1.48,1.48,
2024-11-22,Soc Trang,1.14,1.14,
2024-11-23,Bac Lieu,1.53,1.53,
2024-11-23,Ben Tre,1.49,1.49,
2024-11-23,Ca Mau,1.44,1.44,
2024-11-23,Kien Giang,0.93,0.93,
2024-11-23,Soc Trang,1.26,1.26,
2024-11-24,Bac Lieu,1.61,1.61,
2024-11-24,Ben Tre,1.67,1.67,
2024-11-24,Ca Mau,2.36,2.36,
2024-11-24,Kien Giang,0.98,0.98,
2024-11-24,Soc Trang,1.84,1.84,
2024-11-25,Bac Lieu,1.61,1.61,
2024-11-25,Ben Tre,1.38,1.38,
2024-11-25,Ca Mau,2.11,2.11,
2024-11-25,Kien Giang,1.25,1.25,
2024-11-25,Soc Trang,1.45,1.45,
2024-11-26,Bac Lieu,1.76,1.76,
2024-11-26,Ben Tre,1.34,1.34,
2024-11-26,Ca Mau,2.04,2.04,
2024-11-26,Kien Giang,1.33,1.33,
2024-11-26,Soc Trang,1.78,1.78,
2024-11-27,Bac Lieu,1.8,1.8,
2024-11-27,Ben Tre,1.47,1.47,
2024-11-27,Ca Mau,1.71,1.71,
2024-11-27,Kien Giang,1.44,1.44,
2024-11-27,Soc Trang,2.0,2.0,
2024-11-28,Bac Lieu,1.81,1.81,
2024-11-28,Ben Tre,1.88,1.88,
2024-11-28,Ca Mau,2.06,2.06,
2024-11-28,Kien Giang,1.28,1.28,
2024-11-28,Soc Trang,1.75,1.75,
2024-11-29,Bac Lieu,2.12,2.12,
2024-11-29,Ben Tre,1.83,1.83,
2024-11-29,Ca Mau,2.11,2.11,
2024-11-29,Kien Giang,0.97,0.97,
2024-11-29,Soc Trang,1.61,1.61,
2024-11-30,Bac Lieu,2.28,2.28,
2024-11-30,Ben Tre,1.86,1.86,
2024-11-30,Ca Mau,1.98,1.98,
2024-11-30,Kien Giang,2.13,2.13,
2024-11-30,Soc Trang,1.94,1.94,
2024-12-01,Bac Lieu,2.13,2.13,
2024-12-01,Ben Tre,1.98,1.98,
2024-12-01,Ca Mau,2.33,2.33,
2024-12-01,Kien Giang,1.57,1.57,
2024-12-01,Soc Trang,2.08,2.08,
2024-12-02,Bac Lieu,2.12,2.12,
2024-12-02,Ben Tre,1.08,1.08,
2024-12-02,Ca Mau,2.56,2.56,
2024-12-02,Kien Giang,1.83,1.83,
2024-12-02,Soc Trang,2.13,2.13,
2024-12-03,Bac Lieu,2.94,2.94,
2024-12-03,Ben Tre,1.88,1.88,
2024-12-03,Ca Mau,2.5,2.5,
2024-12-03,Kien Giang,1.74,1.74,
2024-12-03,Soc Trang,2.24,2.24,
2024-12-04,Bac Lieu,2.4,2.4,
2024-12-04,Ben Tre,2.1,2.1,
2024-12-04,Ca Mau,2.48,2.48,
2024-12-04,Kien Giang,1.76,1.76,
2024-12-04,Soc Trang,2.17,2.17,
2024-12-05,Bac Lieu,2.81,2.81,
2024-12-05,Ben Tre,2.19,2.19,
2024-12-05,Ca Mau,2.97,2.97,
2024-12-05,Kien Giang,2.14,2.14,
2024-12-05,Soc Trang,2.26,2.26,
2024-12-06,Bac Lieu,2.84,2.84,
2024-12-06,Ben Tre,2.22,2.22,
2024-12-06,Ca Mau,2.82,2.82,
2024-12-06,Kien Giang,2.26,2.26,
2024-12-06,Soc Trang,2.67,2.67,
2024-12-07,Bac Lieu,2.56,2.56,
2024-12-07,Ben Tre,2.57,2.57,
2024-12-07,Ca Mau,2.62,2.62,
2024-12-07,Kien Giang,1.83,1.83,
2024-12-07,Soc Trang,2.19,2.19,
2024-12-08,Bac Lieu,3.04,3.04,
2024-12-08,Ben Tre,2.68,2.68,
2024-12-08,Ca Mau,2.88,2.88,
2024-12-08,Kien Giang,2.09,2.09,
2024-12-08,Soc Trang,2.35,2.35,
2024-12-09,Bac Lieu,3.06,3.06,
2024-12-09,Ben Tre,2.4,2.4,
2024-12-09,Ca Mau,2.65,2.65,
2024-12-09,Kien Giang,1.35,1.35,
2024-12-09,Soc Trang,2.58,2.58,
2024-12-10,Bac Lieu,3.19,3.19,
2024-12-10,Ben Tre,2.54,2.54,
2024-12-10,Ca Mau,3.54,3.54,
2024-12-10,Kien Giang,2.22,2.22,
2024-12-10,Soc Trang,2.88,2.88,
2024-12-11,Bac Lieu,3.3,3.3,
2024-12-11,Ben Tre,2.63,2.63,
2024-12-11,Ca Mau,3.15,3.15,
2024-12-11,Kien Giang,2.49,2.49,
2024-12-11,Soc Trang,2.46,2.46,
2024-12-12,Bac Lieu,2.95,2.95,
2024-12-12,Ben Tre,2.13,2.13,
2024-12-12,Ca Mau,3.06,3.06,
2024-12-12,Kien Giang,2.23,2.23,
2024-12-12,Soc Trang,2.79,2.79,
2024-12-13,Bac Lieu,2.71,2.71,
2024-12-13,Ben Tre,2.49,2.49,
2024-12-13,Ca Mau,3.42,3.42,
2024-12-13,Kien Giang,1.96,1.96,
2024-12-13,Soc Trang,2.63,2.63,
2024-12-14,Bac Lieu,3.48,3.48,
2024-12-14,Ben Tre,2.55,2.55,
2024-12-14,Ca Mau,3.49,3.49,
2024-12-14,Kien Giang,2.59,2.59,
2024-12-14,Soc Trang,2.88,2.88,
2024-12-15,Bac Lieu,3.18,3.18,
2024-12-15,Ben Tre,2.5,2.5,
2024-12-15,Ca Mau,3.99,3.99,
2024-12-15,Kien Giang,2.62,2.62,
2024-12-15,Soc Trang,2.59,2.59,
2024-12-16,Bac Lieu,3.27,3.27,
2024-12-16,Ben Tre,2.75,2.75,
2024-12-16,Ca Mau,3.08,3.08,
2024-12-16,Kien Giang,2.43,2.43,
2024-12-16,Soc Trang,2.9,2.9,
2024-12-17,Bac Lieu,3.6,3.6,
2024-12-17,Ben Tre,2.76,2.76,
2024-12-17,Ca Mau,3.52,3.52,
2024-12-17,Kien Giang,2.09,2.09,
2024-12-17,Soc Trang,3.02,3.02,
2024-12-18,Bac Lieu,3.1,3.1,
2024-12-18,Ben Tre,3.29,3.29,
2024-12-18,Ca Mau,3.82,3.82,
2024-12-18,Kien Giang,2.35,2.35,
2024-12-18,Soc Trang,3.31,3.31,
2024-12-19,Bac Lieu,3.47,3.47,
2024-12-19,Ben Tre,3.64,3.64,
2024-12-19,Ca Mau,3.65,3.65,
2024-12-19,Kien Giang,3.08,3.08,
2024-12-19,Soc Trang,3.23,3.23,
2024-12-20,Bac Lieu,3.61,3.61,
2024-12-20,Ben Tre,3.12,3.12,
2024-12-20,Ca Mau,3.62,3.62,
2024-12-20,Kien Giang,3.0,3.0,
2024-12-20,Soc Trang,3.29,3.29,
2024-12-21,Bac Lieu,3.94,3.94,
2024-12-21,Ben Tre,2.96,2.96,
2024-12-21,Ca Mau,3.9,3.9,
2024-12-21,Kien Giang,3.05,3.05,
2024-12-21,Soc Trang,3.05,3.05,
2024-12-22,Bac Lieu,3.55,3.55,
2024-12-22,Ben Tre,3.32,3.32,
2024-12-22,Ca Mau,4.46,4.46,
2024-12-22,Kien Giang,2.91,2.91,
2024-12-22,Soc Trang,3.0,3.0,
2024-12-23,Bac Lieu,3.95,3.95,
2024-12-23,Ben Tre,3.32,3.32,
2024-12-23,Ca Mau,4.4,4.4,
2024-12-23,Kien Giang,2.64,2.64,
2024-12-23,Soc Trang,3.47,3.47,
2024-12-24,Bac Lieu,3.34,3.34,
2024-12-24,Ben Tre,3.07,3.07,
2024-12-24,Ca Mau,4.67,4.67,
2024-12-24,Kien Giang,2.91,2.91,
2024-12-24,Soc Trang,3.23,3.23,
2024-12-25,Bac Lieu,3.62,3.62,
2024-12-25,Ben Tre,3.48,3.48,
2024-12-25,Ca Mau,4.49,4.49,
2024-12-25,Kien Giang,2.99,2.99,
2024-12-25,Soc Trang,3.19,3.19,
2024-12-26,Bac Lieu,4.34,4.34,
2024-12-26,Ben Tre,3.46,3.46,
2024-12-26,Ca Mau,4.68,4.68,
2024-12-26,Kien Giang,2.7,2.7,
2024-12-26,Soc Trang,3.78,3.78,
2024-12-27,Bac Lieu,3.94,3.94,
2024-12-27,Ben Tre,3.07,3.07,
2024-12-27,Ca Mau,3.91,3.91,
2024-12-27,Kien Giang,3.06,3.06,
2024-12-27,Soc Trang,3.86,3.86,
2024-12-28,Bac Lieu,3.87,3.87,
2024-12-28,Ben Tre,3.46,3.46,
2024-12-28,Ca Mau,4.99,4.99,
2024-12-28,Kien Giang,3.17,3.17,
2024-12-28,Soc Trang,3.8,3.8,
2024-12-29,Bac Lieu,4.7,4.7,
2024-12-29,Ben Tre,3.81,3.81,
2024-12-29,Ca Mau,4.57,4.57,
2024-12-29,Kien Giang,3.5,3.5,
2024-12-29,Soc Trang,4.08,4.08,
2024-12-30,Bac Lieu,4.29,4.29,
2024-12-30,Ben Tre,3.54,3.54,
2024-12-30,Ca Mau,4.98,4.98,
2024-12-30,Can Tho,12.0,,
2024-12-30,Hau Giang,13.0,,
2024-12-30,Kien Giang,9.0,,
2024-12-30,Soc Trang,3.69,3.69,
2024-12-30,Tra Vinh,6.0,,6.0
2025-02-10,Tra Vinh,6.0,,6.0
2025-03-10,Can Tho,0.302,,6.12
2025-03-10,Hau Giang,13.0,,
2025-03-10,Kien Giang,9.0,,
2025-03-10,Tra Vinh,6.0,,6.0
